cardiac_period,systolic_upstroke_time,diastolic_time,dias_w_10,dias_w_25,dias_w_33,dias_w_50,dias_w_66,dias_w_75,sum_w_10,sum_w_25,sum_w_33,sum_w_50,sum_w_66,sum_w_75,ratio_10,ratio_25,ratio_33,ratio_50,ratio_66,ratio_75,SDNN,PRVTi,TINN,LF,HF,a1,a2,target_sbp,target_dbp,record_id
61.29399585921325,17.86128364389234,43.43271221532091,36.37888198757764,23.023809523809526,18.694616977225675,13.86231884057971,10.437888198757763,8.649068322981366,50.989648033126294,35.25879917184265,29.955486542443065,23.288819875776397,18.193581780538302,15.346790890269151,2.5115067201844057,1.8898250915048338,1.664288772740459,1.4748112337398036,1.3561208058102512,1.3005274573597516,39.1308236987221,3.104761904761905,0.0,0.0401889198344133,0.0393503888745966,0.6157048809083295,0.6102003635792421,132.525403521168,72.43815394976451,uci_cell0000_win00
63.20021528525296,17.83853606027987,45.36167922497309,38.258342303552205,23.890204520990313,19.096878363832076,14.066738428417654,10.628632938643703,8.81270182992465,52.76749192680301,36.07104413347686,30.314316469321852,23.44671689989236,18.344456404736274,15.496232508073197,2.6663081534488433,1.9717998465268378,1.7059581165700408,1.5062079926438514,1.38579895607826,1.3283018948519487,34.69128685356503,3.3617021276595747,0.0,0.021243336769254,0.014116037780894,0.6784058873633626,0.705710163128822,129.47964708122225,70.0961843459757,uci_cell0001_win00
63.66918918918919,18.017297297297297,45.65189189189189,38.15135135135135,24.335135135135136,18.77189189189189,13.615135135135136,10.326486486486486,8.544864864864865,52.66918918918919,36.55783783783784,30.045405405405404,23.077837837837837,18.126486486486485,15.290810810810811,2.6376630895624795,1.995790270154108,1.6678218763218866,1.4419809536125312,1.328077863577864,1.274359073359071,24.391847916519133,2.6732954545454546,0.0,0.0078448910273489,0.0271274209150771,0.500470948956819,0.5198980140957153,129.3674114656609,71.789729978167,uci_cell0003_win00
68.41887226697354,18.39240506329114,50.026467203682394,41.21403912543153,23.71691599539701,18.859608745684696,13.985040276179516,10.632911392405063,8.829689298043728,56.03107019562716,36.041426927502876,30.1921749136939,23.468354430379748,18.421173762945916,15.566168009205985,2.8084490635167203,1.9292983173492146,1.6681742101697576,1.479407004579624,1.371264178859117,1.3178489232286772,41.42886318287032,3.269662921348315,0.0,0.0582343195834036,0.0441038509186222,0.5983612525866104,0.6505367538302766,133.95082042503068,69.65096700859867,uci_cell0004_win00
68.44316877152698,18.390355912743974,50.05281285878301,41.67738231917336,27.59012629161883,20.493685419058554,14.715269804822043,11.157290470723307,9.272101033295064,56.41676234213548,40.00918484500574,31.97244546498278,24.393800229621124,19.138920780711825,16.191733639494835,2.847100610538329,2.23055990152523,1.7894596606755775,1.5257025472295314,1.4059612206717216,1.347772985964385,24.222543773836136,3.5755102040816324,0.0,0.0097471349701076,0.0147873262651554,0.73992939573601,0.5943292729492005,143.7053560927744,70.70751530631256,uci_cell0006_win00
66.9851598173516,19.01826484018265,47.96689497716895,41.141552511415526,26.939497716894977,20.839041095890412,14.676940639269406,11.101598173515981,9.210045662100457,56.77168949771689,40.09132420091324,32.93150684931507,24.83219178082192,19.426940639269407,16.438356164383563,2.6741239028622275,2.0724905462278973,1.7346241991780718,1.4524021608781834,1.3403662769244897,1.282083924557132,49.82496275341239,3.811965811965812,0.0,0.0358630688662819,0.0320925860724285,0.7301529341380688,0.5815935813692208,129.87255266329666,68.60999404450816,uci_cell0015_win00
68.7228637413395,19.16743648960739,49.5554272517321,41.69515011547344,26.983833718244803,20.907621247113163,14.914549653579677,11.277136258660509,9.30715935334873,57.264434180138565,40.01501154734411,32.87528868360277,24.983833718244803,19.569284064665126,16.48729792147806,2.712541147205174,2.0844810627413994,1.7521602261263913,1.488139625874553,1.3677953653992858,1.3024481003984505,40.55762632843978,4.046511627906977,0.0,0.0269869078745427,0.0222709379936053,0.7658617022424871,0.6767157561706764,129.74955682917087,68.89570260093397,uci_cell0016_win00
79.90533333333333,20.545333333333332,59.36,48.13733333333333,27.94,21.138666666666666,15.148,11.426666666666666,9.453333333333333,64.504,41.733333333333334,33.849333333333334,25.818666666666665,20.17866666666667,17.030666666666665,2.951118420903717,2.031058955080012,1.6659661172161153,1.4231073815073838,1.309811111111102,1.2547301587301654,5.662061895048915,1.6793721973094171,0.0,0.0051334999212106,0.0161600417789741,0.3615708905200051,0.6325192097102983,135.42291434333418,59.92494128092652,uci_cell0024_win00
79.6622340425532,20.07313829787234,59.589095744680854,48.67553191489362,27.507978723404257,20.643617021276597,14.683510638297872,11.022606382978724,9.11968085106383,64.62234042553192,40.892287234042556,32.98936170212766,25.03590425531915,19.49468085106383,16.425531914893618,3.0573840424722643,2.0572058039478307,1.6741850791052928,1.421815562540295,1.3066199130361273,1.2541872467072046,5.9818217226074575,1.9481865284974091,0.0,0.0022411993949243,0.0090216861275982,0.4046979919729745,0.7867113848478968,126.76706944980036,57.45496351282183,uci_cell0035_win00
79.26719576719577,19.951058201058203,59.31613756613756,48.914021164021165,27.023809523809526,20.16269841269841,14.343915343915343,10.775132275132275,8.923280423280424,64.76587301587301,40.30820105820106,32.404761904761905,24.58994708994709,19.16137566137566,16.152116402116402,3.0915211934351436,2.035331592276037,1.6484136234136237,1.4027637485970725,1.289944990341808,1.2393313807004396,6.192490254254461,2.007978723404255,0.0,0.0158544567153258,0.0571975573308483,0.4380112741234829,1.0039444583682076,120.98044637033745,56.65147272580198,uci_cell0036_win00
79.04623513870541,19.824306472919417,59.221928665785995,49.04227212681638,26.039630118890358,19.491413474240424,13.863936591809775,10.41347424042272,8.590488771466314,64.80184940554821,39.22457067371202,31.618229854689563,24.002642007926024,18.665785997357993,15.706737120211361,3.119727713908811,1.978031413764569,1.6102747428705164,1.3703854929746453,1.266642028894336,1.2116515694785255,12.070716878961798,2.0767123287671234,0.0,0.0067209242512501,0.0131787122320088,0.6822227885997345,0.7052031578573578,115.06415610131224,55.523045004926246,uci_cell0039_win00
79.29933774834437,19.91523178807947,59.384105960264904,49.22119205298013,26.12317880794702,19.527152317880795,13.862251655629139,10.39205298013245,8.58543046357616,65.0569536423841,39.35761589403973,31.69933774834437,24.026490066225165,18.691390728476822,15.729801324503311,3.115948670017402,1.9749939960701524,1.6058426121340044,1.36625058532342,1.25671186797014,1.2056212551245742,7.093401298519377,2.2076023391812867,39.0625,0.0092305060269923,0.0159929082461627,0.5476141227816124,0.9363997805432456,112.06753898436584,54.62147349136845,uci_cell0040_win00
79.43766578249337,20.10079575596817,59.3368700265252,49.03846153846154,27.137931034482758,19.858090185676392,13.944297082228116,10.442970822281167,8.606100795755967,65.0291777188329,40.47347480106101,32.13129973474801,24.20026525198939,18.782493368700266,15.803713527851459,3.076979438038211,2.0367480276134087,1.6198037373766816,1.362817921836474,1.257282372799609,1.201056797608527,10.255986408085866,2.42443729903537,0.0,0.0153256203148525,0.0252684706777651,0.4935718804076242,0.7890576003134219,116.60860498847038,56.1055305867667,uci_cell0041_win00
79.84779706275033,20.218958611481977,59.62883845126836,49.04539385847797,26.692923898531376,19.759679572763684,13.88785046728972,10.405874499332443,8.59279038718291,65.07476635514018,40.06675567423231,32.04272363150868,24.132176234979973,18.73297730307076,15.773030707610147,3.068134743208268,1.9967740870611355,1.6099577114614716,1.3585396690536726,1.254328522686327,1.2011782906309019,16.832734760031048,2.542372881355932,0.0,0.0089615457351645,0.0196418437935409,0.7623294743229836,0.7315824032004958,114.06903258404574,55.517668483542174,uci_cell0046_win00
66.51555555555555,21.374444444444446,45.14111111111111,40.04222222222222,32.797777777777775,28.80666666666667,21.254444444444445,15.483333333333333,12.517777777777777,58.30555555555556,47.97,42.745555555555555,32.904444444444444,25.023333333333333,20.77888888888889,2.2126704158352393,2.172236575129379,2.074615111740109,1.8287057726224438,1.6279911415744828,1.5203599579432894,9.791474098564777,2.31958762886598,0.0,0.0002842608395872,0.0009345516790495,0.1783066073623535,0.2171073092767351,105.62063679279596,57.101736480445865,uci_cell0066_win00
66.4694783573807,19.92452830188679,46.54495005549389,39.81354051054384,26.44839067702553,21.30632630410655,14.663706992230855,10.518312985571587,8.522752497225305,56.04772475027747,39.92785793562708,33.70366259711432,24.990011098779135,18.889012208657046,15.688124306326305,2.462070087980277,1.9656513113227885,1.7214832891858347,1.4231964483906732,1.2614621320226127,1.193264098092072,5.623342420460722,2.083333333333333,0.0,0.000652883659401,0.001791510684956,0.2490390311808641,0.3816279072409255,131.25295836152054,66.6936433867563,uci_cell0067_win00
67.47072072072072,19.36261261261261,48.108108108108105,41.567567567567565,28.19481981981982,22.39189189189189,14.93918918918919,10.53490990990991,8.493243243243244,57.30968468468468,41.299549549549546,34.45495495495496,24.975225225225227,18.69144144144144,15.475225225225225,2.6505686002260758,2.156421730434894,1.860578158823768,1.4921344421344456,1.2965492277992248,1.219357750607751,7.315325563847756,2.1220095693779903,0.0,0.0023909323933671,0.007689027275308,0.3397919236638692,0.5734068254154208,120.54621468358368,65.86349351163337,uci_cell0073_win00
67.87755102040816,19.337868480725625,48.53968253968254,41.857142857142854,28.224489795918366,22.378684807256235,14.884353741496598,10.512471655328799,8.484126984126984,57.492063492063494,41.285714285714285,34.39342403628118,24.887755102040817,18.630385487528343,15.46031746031746,2.6838326071169187,2.163899686858884,1.864943257800396,1.490069630545823,1.2977495230896565,1.2197589353201608,5.235074382840679,1.6094890510948905,0.0,0.0008246775053413,0.0019329158885098,0.134459153835547,0.6344066307336951,129.74649623312212,71.50741231301157,uci_cell0079_win00
69.11471610660486,19.353418308227116,49.761297798377754,43.84472769409038,31.03476245654693,25.634994206257243,18.184241019698725,12.72305909617613,9.977983777520278,60.19698725376593,44.36384704519119,37.869061413673236,28.33603707995365,20.99188876013905,17.092699884125146,2.722994804224344,2.3426763292297372,2.104448899307622,1.7955468761957791,1.5423453622468695,1.4075755903681748,10.326114935765146,2.104368932038835,0.0,0.0008812291032586,0.0059262027267473,0.110922464867411,0.2264620852150248,108.07038460275506,64.80328847900311,uci_cell0080_win00
77.66579973992198,20.823146944083224,56.84265279583875,42.63979193758127,29.892067620286085,23.825747724317296,16.52665799739922,12.368010403120936,10.230169050715215,59.02860858257477,43.70221066319896,36.570871261378414,27.23146944083225,21.187256176853055,17.881664499349807,2.608258971879348,2.1691546269564466,1.872406933118883,1.5466118262607171,1.40694109026359,1.343602287035317,42.98337824473037,6.533898305084746,0.0,0.0021116950184371,0.0022454641515767,0.647974142137117,1.1532741462841292,162.58022146009512,100.14695753756811,uci_cell0081_win00
77.66579973992198,20.823146944083224,56.84265279583875,42.63979193758127,29.892067620286085,23.825747724317296,16.52665799739922,12.368010403120936,10.230169050715215,59.02860858257477,43.70221066319896,36.570871261378414,27.23146944083225,21.187256176853055,17.881664499349807,2.608258971879348,2.1691546269564466,1.872406933118883,1.5466118262607171,1.40694109026359,1.343602287035317,42.98337824473037,6.533898305084746,0.0,0.0021116950184371,0.0022454641515767,0.647974142137117,1.1532741462841292,162.58032734102298,100.14702275861832,uci_cell0082_win00
100.79763912310287,31.806070826306915,68.99156829679595,55.75716694772344,41.507588532883645,35.61720067453626,24.27487352445194,17.284991568296796,14.23946037099494,82.8195615514334,65.40303541315346,58.173693086003375,43.93929173693086,33.98313659359191,28.863406408094434,2.070581766523744,1.7442753777835902,1.5851218544120085,1.2371080482469108,1.037964734338843,0.9791021951588474,48.810239205064754,10.589285714285714,0.0,0.0029508949356207,0.0023269937953922,0.8113201067324811,1.249086388739954,140.76516892515264,68.93946042671281,uci_cell0087_win00
98.39309210526316,24.161184210526315,74.23190789473684,53.02302631578947,37.4358552631579,28.195723684210527,18.560855263157894,14.307565789473685,12.057565789473685,72.06085526315789,53.588815789473685,43.17434210526316,31.25657894736842,24.832236842105264,21.223684210526315,2.790210494778794,2.322055233825984,1.885577117992941,1.4656275741801992,1.3637667796384823,1.3198693347953296,18.803100190651428,3.4350282485875705,0.0,0.0146029040110299,0.038915905357493,0.4487654014890105,0.761452101292397,142.24596296717698,62.08697645995901,uci_cell0093_win00
98.38095238095238,24.174055829228244,74.20689655172414,53.142857142857146,37.579638752052546,28.37110016420361,18.60262725779967,14.31527093596059,12.060755336617406,72.19704433497537,53.75205254515599,43.36124794745484,31.305418719211822,24.848932676518885,21.238095238095237,2.7927751993572794,2.326373164409238,1.8944208305190584,1.467375618360834,1.362897032724611,1.3178877681340815,16.002774406124548,3.3043478260869565,0.0,0.0115496645119748,0.032592343544329,0.480638485510796,0.8335754233339072,142.14533265706788,61.88500280917241,uci_cell0094_win00
103.52595155709342,24.569204152249135,78.9567474048443,51.200692041522494,36.7560553633218,30.81660899653979,20.264705882352942,15.33910034602076,12.906574394463668,70.47750865051903,53.22318339100346,46.1401384083045,33.325259515570934,26.24567474048443,22.430795847750865,2.6650145198191963,2.241530701669357,2.01939158636109,1.5525748157382404,1.4075349391093397,1.3598378154151292,22.82050962493368,2.683720930232558,0.0,0.0198406164366943,0.0447763519339648,0.5159032428819431,0.7779019594813444,180.88898534519691,72.70655455878025,uci_cell0095_win00
101.63157894736842,29.086587436332767,72.54499151103565,59.22410865874363,45.09847198641766,39.41426146010187,28.60271646859083,18.755517826825127,14.091680814940577,82.70458404074702,65.06451612903226,57.89983022071307,44.1918505942275,31.473684210526315,25.015280135823428,2.5300711982095327,2.261950896962222,2.13607844055025,1.83939304575602,1.478886082791001,1.2934900790588313,28.30168405667704,3.1666666666666665,0.0,0.009439054672632,0.0042790869235068,0.8432223059196343,0.7780708181814182,120.420755685858,74.0369920354522,uci_cell0099_win00
78.10966057441253,22.762402088772845,55.347258485639685,44.84203655352481,31.18929503916449,25.502610966057443,17.597911227154047,12.754569190600522,10.39295039164491,63.11357702349869,46.425587467362924,39.54046997389034,29.378590078328983,22.344647519582246,18.630548302872064,2.465291337645332,2.050336754002671,1.8189246504319052,1.4963921413660348,1.3335759685629076,1.2663542832276444,43.8528186816525,9.469135802469136,0.0,0.0001745867540762,0.0001809091834898,0.6550469316404054,1.2762279713245352,146.5281152769705,63.9223493114965,uci_cell0100_win00
85.25783475783476,24.04985754985755,61.20797720797721,50.48575498575499,36.98860398860399,31.433048433048434,21.700854700854702,15.072649572649572,12.008547008547009,69.78490028490029,53.33475783475784,46.54415954415954,34.427350427350426,25.492877492877493,21.027065527065528,2.617578488794527,2.263417503022822,2.0808178395910986,1.7066203581160757,1.4501453279231176,1.336250786250797,60.772974006728994,7.02,0.0,0.0002693808772757,0.0004547991682501,0.7500350517821187,0.9632882038370528,114.28825604515792,59.62593656398708,uci_cell0101_win00
66.10939226519336,20.646408839779006,45.462983425414365,36.648618784530385,24.866298342541437,20.68729281767956,14.878453038674033,10.974585635359116,8.967955801104972,53.34033149171271,38.646408839779006,33.32596685082873,25.373480662983425,19.48729281767956,16.281767955801104,2.2100645647990724,1.8089269333116256,1.6398275724924998,1.4208008504693534,1.293907743576238,1.2318591598702153,45.961987103953405,9.526315789473683,0.0,0.0009044781088335,0.0018349737665673,0.7207609528625878,1.2562498324202311,116.9284187711063,93.16718745905764,uci_cell0102_win00
83.59580419580419,19.001398601398602,64.5944055944056,47.98321678321678,22.69090909090909,19.555244755244754,15.107692307692307,11.476923076923077,9.408391608391609,62.67272727272727,34.99020979020979,30.885314685314686,24.58881118881119,19.24895104895105,16.12167832167832,3.2755303000443656,1.8498624646526673,1.7300420286783993,1.5998240648240702,1.4825435675435652,1.4101565101565208,32.31384362807656,2.782101167315175,0.0,0.0119233825207352,0.0742783041764214,0.6194480707802426,0.4210636632121642,100.27674026741434,77.67352962054527,uci_cell0103_win00
83.3062937062937,18.444755244755246,64.86153846153846,48.71328671328671,24.713286713286713,20.476923076923075,15.476923076923077,11.675524475524476,9.483916083916084,62.99300699300699,36.5972027972028,31.454545454545453,24.604195804195804,19.167832167832167,15.976223776223776,3.441340191113844,2.092981963646297,1.8699476747029278,1.7065624779261273,1.5701098901098864,1.4726406926406954,68.07003100517387,5.25,0.0,0.022470995567246,0.0637695367578852,0.5504522779845503,0.6386361859543944,99.22020558312704,76.42611000039801,uci_cell0104_win00
81.5,18.51226158038147,62.98773841961853,46.67574931880109,23.042234332425068,19.62534059945504,14.873297002724795,11.130790190735695,9.091280653950953,61.00681198910082,34.9700272479564,30.62534059945504,24.039509536784742,18.623978201634877,15.600817438692099,3.280759585830704,1.9419733309379046,1.7899419948806936,1.632267202975655,1.49639126767873,1.406834695731161,41.343719340044096,3.1502145922746783,0.0,0.0362565788273342,0.0561265724334651,0.6057850468916375,0.554771517602727,148.78601386923992,61.122375813188754,uci_cell0109_win00
78.59921156373193,17.59921156373193,61.0,44.8580814717477,19.843626806833115,17.36268068331143,13.28777923784494,9.960578186596583,8.053876478318003,58.2496714848883,30.97503285151117,27.61629434954008,21.793692509855454,16.869908015768726,14.089356110381077,3.3820720945720963,1.7951163816472677,1.7020530968139866,1.5712909079531965,1.4517603963917682,1.3391652587447664,58.58606861873314,2.893536121673004,0.0,0.0254467727001593,0.059621588770975,0.6916949540338674,0.5558225752974599,142.06418354209669,55.819807236181816,uci_cell0110_win00
83.77605633802817,20.856338028169013,62.91971830985916,42.33943661971831,21.228169014084507,18.46056338028169,14.222535211267605,10.80281690140845,8.869014084507043,56.998591549295774,33.33380281690141,29.583098591549295,23.485915492957748,18.346478873239437,15.395774647887324,2.924347665953432,1.7589293238060792,1.664270104377815,1.5409238531421663,1.4345813771517963,1.362980661748278,55.48044197847113,9.407894736842104,0.0,0.0004707955998486,0.0014130859926286,0.5581167605510508,0.9159376857240364,143.25099194115518,61.09738407178826,uci_cell0111_win00
68.97926267281106,19.31451612903226,49.664746543778804,38.25115207373272,24.768433179723502,20.52188940092166,14.67741935483871,10.852534562211982,8.896313364055299,54.02880184331797,37.78341013824885,32.5,24.678571428571427,19.046082949308754,15.950460829493087,2.439588372713394,1.9099187344875441,1.7185093228583999,1.4724456962648182,1.3297769914417326,1.266429394338387,53.50427561242162,4.876404494382022,0.0,0.0126095465693653,0.0795907144085374,0.3489141089124711,0.3474743931562303,102.88027485833788,56.75572501942902,uci_cell0120_win00
111.08582089552239,30.09328358208955,80.99253731343283,52.468283582089555,38.973880597014926,32.19402985074627,22.932835820895523,18.44776119402985,16.115671641791046,70.46641791044776,53.865671641791046,45.832089552238806,34.45522388059702,28.026119402985074,24.527985074626866,2.9657930667715875,2.636722263674075,2.362915871187135,1.9941950224928713,1.9333851575455974,1.9245876273394964,67.92779897513202,10.150943396226417,0.0,0.0060017914672162,0.0216760834377641,0.5854617112866523,0.7089456159150381,171.94951999046123,60.232284994845614,uci_cell0127_win00
107.03411131059246,37.736086175942546,69.2980251346499,49.614003590664275,35.92998204667864,27.578096947935368,20.1705565529623,15.628366247755835,12.910233393177737,66.66427289048474,49.6983842010772,40.14362657091562,30.60682226211849,24.210053859964095,20.353680430879713,2.985801772588665,2.636580616124908,2.2005746032239033,1.9348496705767835,1.8271034819957663,1.7419175727524008,41.47438375732772,6.292134831460674,0.0,0.0123450959921479,0.0226692477266182,0.8227403718695713,0.9392878155926216,163.91948765716214,60.07280443852768,uci_cell0128_win00
103.83275261324042,30.766550522648085,73.06620209059234,51.23344947735192,37.32404181184669,29.442508710801395,22.006968641114984,17.524390243902438,14.90766550522648,68.48432055749129,51.52613240418118,42.538327526132406,32.86585365853659,26.489547038327526,22.691637630662022,3.0391414969715322,2.659200770009699,2.2720775491308216,2.0339523093891803,1.9606592014257567,1.9247003052981413,75.74110185310708,14.375,359.375,0.0020541585607379,0.0042511434215925,0.7715539145268037,1.1621529387516505,166.29409848503832,66.05052840626334,uci_cell0129_win00
110.85555555555555,36.75,74.10555555555555,53.84814814814815,41.635185185185186,33.861111111111114,21.25925925925926,16.261111111111113,13.537037037037036,71.5037037037037,56.18518518518518,47.22222222222222,32.36666666666667,25.42962962962963,21.477777777777778,3.092838243889075,2.892688779558988,2.557812327411531,1.912851192169003,1.7761881842437444,1.7071594249372002,62.06619244724103,11.48936170212766,0.0,0.0073810055568445,0.0146067304647153,0.5930922407138717,0.887628573815767,148.9420618162542,61.27308597124484,uci_cell0132_win00
70.58844339622641,20.38325471698113,50.20518867924528,43.758254716981135,27.423349056603772,22.06132075471698,15.472877358490566,11.34433962264151,9.304245283018869,60.262971698113205,41.471698113207545,35.074292452830186,26.410377358490567,20.3313679245283,17.03183962264151,2.6541472052657507,1.9536383820581857,1.6969803977468911,1.4168489136649507,1.2646357442347862,1.2104110512129422,10.022375892660474,3.152416356877324,0.0,0.0038957834857386,0.0008902360900401,0.8512713009029927,0.8035906373522987,129.12351426246855,97.29878694080296,uci_cell0133_win00
61.122824974411465,16.902763561924257,44.220061412487205,20.229273285568066,13.048106448311156,11.517911975435005,9.257932446264073,7.309109518935517,6.14431934493347,33.380757420675536,23.924257932446263,21.460593654042988,17.455475946775845,13.904810644831116,11.786079836233368,1.532255356279988,1.197982382680431,1.1587592919988001,1.131098601160013,1.1158523013435993,1.0991031827265247,13.354338099812075,3.161290322580645,0.0,0.0006601883612517,0.0026441461292193,0.679617986791444,0.8993229597246195,114.25814927767166,81.27009026424342,uci_cell0134_win00
95.5111821086262,21.819488817891372,73.69169329073482,58.635782747603834,38.781150159744406,21.769968051118212,16.252396166134186,12.04632587859425,9.757188498402556,75.26198083067092,52.531948881789134,34.39776357827476,26.7555910543131,20.579872204472842,17.08626198083067,3.537611410217099,2.8217514979695437,1.7265417090896371,1.5515353212637653,1.4176790151630387,1.3376204422131044,23.33570972228639,3.099009900990099,0.0,0.0213295650236297,0.0506586563665091,0.6830419007563112,0.637320368992441,102.73002330833825,59.88325122203504,uci_cell0144_win00
76.06751592356687,22.605095541401273,53.462420382165604,42.96305732484076,28.43312101910828,22.531210191082803,15.169426751592356,11.008917197452229,9.01656050955414,60.89808917197452,43.17834394904459,36.04713375796178,26.321019108280254,20.014012738853502,16.722292993630575,2.405240113504427,1.9306032560370356,1.668213153359273,1.3599355983095205,1.2231042297696353,1.1723915680922108,38.34629766913853,2.947565543071161,0.0,0.0412282972291004,0.0640745290115879,0.7095185572957495,0.5155204456492747,114.24028743957146,64.09618073894467,uci_cell0151_win00
88.32640949554896,51.68694362017804,36.63946587537092,25.859050445103858,21.538575667655785,19.77893175074184,16.166172106824927,12.364985163204748,10.00593471810089,51.04005934718101,35.01483679525222,31.997032640949556,26.207715133531156,20.502967359050444,17.019287833827892,1.218986688037777,1.6063241150670915,1.6246808233367829,1.6139420915385434,1.5243661712504457,1.4314298667043543,39.13836359619964,3.2200956937799043,0.0,0.0268968991015259,0.0683671995923769,0.4477986761376625,0.5425017544025359,115.93035988516932,68.96419024842199,uci_cell0156_win00
113.20493358633776,30.840607210626185,82.36432637571157,51.629981024667934,31.552182163187855,25.757115749525617,20.074003795066414,16.201138519924097,13.937381404174573,73.03225806451613,49.402277039848194,42.31878557874763,34.210626185958255,28.01518026565465,24.30550284629981,2.4395817155578996,1.7687221397642696,1.5571649339518763,1.424181747578617,1.3774599846706144,1.3504875053262044,40.86466485913446,5.510416666666667,0.0,0.0125418357968693,0.0289421258909128,0.7452859955760222,0.6488324194346252,119.28290317897633,65.40418730847489,uci_cell0157_win00
100.61748633879782,51.90346083788707,48.71402550091074,33.39344262295082,25.469945355191257,23.309653916211293,19.255009107468123,15.342440801457196,12.774134790528233,71.25500910746813,42.73224043715847,38.431693989071036,31.38615664845173,25.19672131147541,21.302367941712205,1.0931541140666308,1.5301389759965878,1.5744384824353679,1.5974530270496203,1.5689149445980082,1.510168719663257,43.50505503458327,5.989130434782608,0.0,0.0159304879483693,0.044335148657646,0.6981492406560149,0.6593946976824415,127.6494125858208,60.882447372937584,uci_cell0158_win00
104.55497382198953,27.111692844677137,77.4432809773124,53.652705061082024,36.4153577661431,30.0,21.24607329842932,16.019197207678882,13.357766143106458,74.68062827225131,54.17102966841187,46.40663176265271,35.1151832460733,27.465968586387433,23.326352530541012,2.5820268052796918,2.0638716332802343,1.8360994236127957,1.5414203311146706,1.4112730201735528,1.3523591058931295,24.891917539955923,4.434108527131783,0.0,0.0070157019197628,0.0155378206419571,0.5972870388614967,0.5485377026099375,129.6982306389451,62.64358486044481,uci_cell0159_win00
100.87692307692308,28.794871794871796,72.08205128205128,51.95042735042735,29.456410256410255,25.112820512820512,20.184615384615384,16.035897435897436,13.114529914529914,72.53333333333333,44.10427350427351,38.37094017094017,31.15213675213675,24.863247863247864,20.76923076923077,2.8613946680109197,2.052920001393163,1.92442163074904,1.8715112558381826,1.8240120990121018,1.719100960767625,67.41451825800009,3.5950920245398774,0.0,0.0389458254683698,0.0807999464023487,0.5942024844448399,0.5891692471100183,132.13363287414177,72.55480712769327,uci_cell0160_win00
81.35013623978202,26.23433242506812,55.1158038147139,41.68528610354223,26.490463215258856,23.04632152588556,18.46457765667575,14.666212534059946,12.239782016348775,62.3991825613079,42.57765667574932,37.403269754768395,30.318801089918257,24.348773841961854,20.58174386920981,2.1441605679085,1.6900460571736766,1.6191611917258035,1.568505998651526,1.5252871436234126,1.4763432583398894,50.48392963835379,10.985074626865671,0.0,0.0005817881818159,0.0013855939006358,0.4317125586516246,0.8683438724684849,144.66691747904915,76.1687404695258,uci_cell0161_win00
76.89780077619663,29.082794307891334,47.815006468305306,37.067270375161705,26.102199223803364,22.516170763260025,17.80077619663648,14.104786545924968,11.858990944372575,59.32729624838292,43.45536869340233,37.82794307891332,30.186287192755497,24.221216041397152,20.602846054333764,1.783204072513718,1.574955387844688,1.5042573641409882,1.4476436940000428,1.40644656838059,1.370608616075097,68.2458966729293,15.294117647058824,304.6875,5.575588576392561e-05,0.0001579749423636,0.5762221588580233,0.7873877739959627,132.24750742313122,66.95505409928586,uci_cell0162_win00
98.43405676126878,46.961602671118534,51.47245409015025,37.61769616026711,26.2787979966611,23.178631051752923,18.91652754590985,15.333889816360601,12.981636060100167,67.24540901502505,45.34557595993322,39.158597662771285,31.202003338898162,25.352253756260435,21.629382303839733,1.5389229313278077,1.5212288937592588,1.5229353055506827,1.54466859397872,1.5354741066761113,1.5063704057026277,29.65526282541256,6.0606060606060606,0.0,0.0223685800495268,0.0272192358342372,0.8221087652225675,0.7470666947923215,128.59173515657133,64.12328778556949,uci_cell0163_win00
109.86187845303867,29.259668508287294,80.60220994475138,49.720073664825044,27.44014732965009,24.86924493554328,20.742173112338858,16.44014732965009,13.37937384898711,68.55985267034991,41.53406998158379,37.8232044198895,31.532228360957642,25.296500920810313,21.03683241252302,2.83291003429152,1.954589595908254,1.9291739951270293,1.9271682328312216,1.8616604747820353,1.7544483907743578,64.0597063643966,2.914438502673797,0.0,0.0235736426795859,0.0795620202267372,0.5267747660643806,0.4647574986318987,129.7043559404781,65.93676756767222,uci_cell0164_win00
100.8397976391231,41.232715008431704,59.6070826306914,43.80101180438449,28.462057335581786,25.099494097807757,20.644182124789207,16.885328836424957,14.352445193929174,68.09274873524451,45.38954468802698,40.4283305227656,33.31365935919056,27.318718381112983,23.350758853288365,2.028030242195162,1.7299638258400218,1.6691672916581655,1.6485546511272402,1.6434386970876211,1.6119979116358374,74.98332403520823,9.883333333333333,0.0,0.0002706844387095,0.0005712455390589,0.6277650270935999,0.7927091324863882,138.0747176979343,68.45196965988437,uci_cell0165_win00
114.41108986615679,37.78585086042065,76.62523900573613,44.50286806883365,28.59847036328872,25.173996175908222,20.873804971319313,17.260038240917783,15.01529636711281,66.7112810707457,45.636711281070745,40.98279158699809,34.32504780114723,28.512428298279158,24.86998087954111,2.123680070506954,1.680781801164327,1.5947528979724452,1.554980774483651,1.538293064488085,1.5285377677347072,27.811499395377403,4.88785046728972,0.0,0.0104398940763398,0.0166280422921839,0.6442256303312325,0.6462435338922204,130.9943775206021,64.3888336710226,uci_cell0166_win00
96.35161290322581,35.170967741935485,61.18064516129032,44.090322580645164,27.90483870967742,24.717741935483872,20.333870967741934,16.37258064516129,13.769354838709678,66.65483870967742,44.170967741935485,39.54032258064516,32.67741935483871,26.52258064516129,22.6,2.1350160241536487,1.7413889803186007,1.686666253647554,1.6619743896703856,1.6277964379601089,1.5739731219392021,86.22456214379736,14.136363636363637,507.8125,0.0002535719593322,0.0006545715532645,0.5946793699456208,0.7849724341291331,136.08242739121368,65.15097896874009,uci_cell0167_win00
117.88188976377953,39.273622047244096,78.60826771653544,47.79527559055118,28.866141732283463,25.618110236220474,21.28543307086614,17.405511811023622,14.98031496062992,68.00984251968504,45.60826771653543,41.06299212598425,34.38582677165354,28.299212598425196,24.521653543307085,2.4006762764752807,1.7314845029046273,1.6633785593944748,1.6307837421764728,1.6059553744593016,1.5795265648612085,51.22494032812464,7.140845070422535,0.0,0.0038597868152526,0.0060247913639449,0.5611360588765476,0.508487661927594,134.4195495941486,66.21996338990726,uci_cell0168_win00
111.19925512104282,39.42830540037244,71.77094972067039,49.03538175046555,33.878957169459966,28.39851024208566,22.376163873370576,18.236499068901303,15.837988826815643,71.03538175046555,52.487895716946,45.70949720670391,37.13780260707635,30.623836126629424,26.70949720670391,2.2420564435502537,1.8268980805637467,1.6473506556736812,1.5246199066935127,1.48140904719117,1.4685848550373783,95.31608531012542,13.097560975609756,0.0,0.0005550237360376,0.0012488807921708,0.6123111983625299,0.6576483823278633,143.42447100478293,69.35518451213807,uci_cell0169_win00
118.27667984189723,53.108695652173914,65.16798418972331,47.25098814229249,31.537549407114625,28.02173913043478,23.476284584980238,19.509881422924902,16.887351778656125,69.76086956521739,48.551383399209485,43.701581027667984,36.71739130434783,30.545454545454547,26.529644268774703,2.1790695870537675,1.857600338536691,1.790161825599803,1.7767955776107849,1.7724609711763988,1.7570048309178847,48.111450466071,4.96078431372549,0.0,0.0203399874459079,0.0744815075156402,0.6992836701743893,0.6271173297001256,144.07736566331675,68.69903959942121,uci_cell0170_win00
119.61044176706827,63.05220883534137,56.558232931726906,42.45983935742972,30.61244979919679,27.751004016064257,23.512048192771083,19.823293172690764,17.443775100401606,69.78112449799197,49.06827309236948,44.78112449799197,37.929718875502004,31.899598393574298,28.066265060240966,1.6761538857497995,1.6629596373639854,1.6335351307436197,1.6358411184742823,1.6473639814001229,1.6492190986166808,50.70452831410428,5.8023255813953485,0.0,0.0394605023101281,0.0952160739540844,0.6263550728575066,0.5519705595859853,157.5056292830174,71.1602805382174,uci_cell0173_win00
118.17786561264822,46.08695652173913,72.0909090909091,48.10474308300395,31.14822134387352,28.458498023715414,24.43083003952569,20.75889328063241,18.25296442687747,68.40513833992095,47.36758893280632,43.49604743083004,37.258893280632414,31.509881422924902,27.68774703557312,2.456018523442658,1.9273205444886004,1.8986772804901044,1.9114884758412352,1.9392746718586689,1.9449255399848184,71.8715847161576,5.872093023255814,0.0,0.0241922892036232,0.0873120530769894,0.5317133568231815,0.5751379398648911,162.82455647802036,74.80325829903313,uci_cell0174_win00
118.75396825396825,47.392857142857146,71.36111111111111,47.807539682539684,31.404761904761905,28.5,24.464285714285715,20.827380952380953,18.424603174603174,68.3452380952381,48.11309523809524,44.01190476190476,37.720238095238095,31.99404761904762,28.279761904761905,2.3840371149529593,1.8850665351423241,1.8424856874567959,1.8514094040879658,1.8724152611057354,1.8795337874206794,60.94051888242508,5.467391304347826,0.0,0.040692815200662,0.0459362143666276,0.6471305322522066,0.5660520356420724,165.38516985633984,75.40434583827687,uci_cell0175_win00
121.56822810590631,55.44602851323829,66.12219959266803,48.24236252545825,35.712830957230146,29.65784114052953,24.319755600814663,20.629327902240327,18.417515274949082,70.65580448065172,54.562118126272914,47.27494908350305,39.58248472505092,33.710794297352344,30.120162932790222,2.177386995228302,1.906325133349111,1.6947686824594186,1.6060133511367205,1.592991657019161,1.5926589364471264,39.13414532882744,5.290322580645161,0.0,0.0233443069712219,0.0702411331886755,0.5838616318612867,0.6436924762513602,162.3611711603523,72.59967711966495,uci_cell0176_win00
114.76436781609195,22.78735632183908,91.97701149425288,59.82183908045977,38.019157088122604,29.080459770114942,22.731800766283524,17.50574712643678,14.030651340996169,77.06704980842912,52.45593869731801,42.400383141762454,33.89846743295019,26.695402298850574,21.992337164750957,3.4820508706297906,2.6404309815760363,2.190416777773109,2.0424817267829978,1.911475627926784,1.7687997932250799,59.81190063730908,3.4052287581699345,0.0,0.0384580555212018,0.080122393355463,0.6227016987271384,0.5490869079760697,135.1235395322084,62.48612304108977,uci_cell0177_win00
64.98162729658793,29.27952755905512,35.702099737532805,19.69291338582677,13.299212598425196,11.774278215223097,9.295275590551181,7.181102362204724,6.009186351706036,34.11679790026247,24.15485564304462,21.520997375328083,17.269028871391075,13.595800524934383,11.482939632545932,1.4652048853866333,1.2314397256456207,1.2041188748344822,1.1647840832595302,1.1246386269024018,1.1087173762370672,44.32220815994789,2.620879120879121,0.0,0.0407104716722168,0.0446316844118208,0.5742631403461611,0.5485371277898973,107.13012606816432,58.41448924391098,uci_cell0184_win00
69.39675174013921,20.33526682134571,49.061484918793504,41.95591647331786,27.595127610208817,20.778422273781903,14.308584686774942,10.733178654292344,8.907192575406032,58.40835266821346,41.46287703016241,33.59512761020882,25.077726218097446,19.54292343387471,16.498839907192576,2.562538879961205,1.9941365112640888,1.62381322434977,1.3323722681031192,1.2239110319301616,1.1799653813575008,18.969200846251187,2.5532544378698225,0.0,0.031694443465603,0.0569533729990292,0.5895827698077651,0.6929096342339409,118.82099141165362,59.85044070636517,uci_cell0186_win00
106.35168738898757,23.076376554174068,83.2753108348135,59.58969804618117,43.202486678507995,37.5595026642984,22.843694493783303,13.575488454706926,10.758436944937833,77.33747779751332,57.86856127886323,51.05861456483126,34.10834813499112,22.795737122557725,18.71936056838366,3.394772476650617,2.963245998246514,2.796448231153326,2.0380154087081275,1.4760912217839344,1.3564549324762452,38.27830408514848,3.037837837837838,0.0,0.0142709658477943,0.0425451312584009,0.4631346406872125,0.5655965881482875,129.95915059339754,61.61047439725803,uci_cell0199_win00
103.70017331022531,21.772963604852688,81.92720970537262,59.280762564991335,41.96360485268631,35.92374350086655,18.896013864818023,12.611785095320624,10.138648180242635,76.03119584055459,55.81109185441941,48.68457538994801,29.587521663778162,21.370883882149048,17.7261698440208,3.58266343813629,3.0442988358480205,2.825076250181136,1.7713001806589328,1.444274948044449,1.3420806855382275,47.382538439490204,3.8466666666666662,0.0,0.0391491372259328,0.1014344605673492,0.6945989044126352,0.5661188210736491,138.89383864516154,58.10859728015648,uci_cell0200_win00
105.38800705467372,24.938271604938272,80.44973544973546,54.55555555555556,40.29100529100529,35.41446208112875,20.80599647266314,13.696649029982364,11.149911816578483,74.1305114638448,56.76543209876543,50.63492063492063,33.645502645502646,24.299823633156965,20.37389770723104,2.80935477756782,2.458083654218836,2.332128709550427,1.621485015054112,1.2946081842907133,1.2135157415580673,44.20921992263298,2.139622641509434,0.0,0.0256755527488228,0.0593782592465768,0.5121009976620143,0.4922351602359885,126.74356505246644,57.36587556028592,uci_cell0202_win00
109.51009174311926,26.126605504587157,83.38348623853211,54.51743119266055,38.44220183486239,31.275229357798164,18.922935779816513,13.777981651376146,11.409174311926606,74.89908256880734,55.655045871559636,47.2348623853211,32.47339449541285,24.96330275229358,21.13211009174312,2.692344107208173,2.2452687055829856,1.9703225509949014,1.4045467995656902,1.2373032726702373,1.1801714506740488,57.24362765009742,4.1679389312977095,0.0,0.0325196125207955,0.0922786253042746,0.5392219182352748,0.4758284922204736,133.90265529666885,53.86177071919348,uci_cell0204_win00
100.46140939597315,25.37248322147651,75.08892617449665,53.355704697986575,38.92953020134228,33.464765100671144,20.89765100671141,14.516778523489933,12.013422818791947,73.65604026845638,56.27013422818792,49.63926174496644,34.788590604026844,26.18959731543624,22.27181208053691,2.642728464264506,2.2511906493434513,2.075289790535134,1.509784184594195,1.2505951961908304,1.1782462922983103,26.57499223873896,2.236842105263158,0.0,0.0449656391534556,0.0870739895920074,0.6227414224297116,0.5120962092923231,164.4200697464221,58.88050285258811,uci_cell0206_win00
102.40068493150685,26.256849315068493,76.14383561643835,50.580479452054796,36.5513698630137,31.51027397260274,20.46917808219178,13.936643835616438,11.356164383561644,71.44349315068493,54.22431506849315,47.898972602739725,34.41267123287671,25.546232876712327,21.470890410958905,2.4481543028021515,2.0783264716805507,1.9292735879091196,1.4710751652658431,1.204873161465622,1.1279026196406388,49.006715469106354,2.216730038022814,0.0,0.0139214735217249,0.0573135475663044,0.3318438067857124,0.5131742778209178,166.67649215708818,64.0188546993607,uci_cell0208_win00
102.28547008547008,25.524786324786326,76.76068376068376,48.955555555555556,35.758974358974356,30.047863247863248,18.576068376068378,13.482051282051282,11.22051282051282,68.89059829059829,52.7008547008547,45.77264957264957,31.967521367521368,24.60683760683761,20.933333333333334,2.4604127421300794,2.1146967816494135,1.9146194279238866,1.38933344670524,1.2147246058784442,1.159294902628244,47.01876504630183,2.925,0.0,0.0319434172916402,0.0956856631764073,0.6202939246566134,0.5563073941796244,161.47465014469276,59.03956154534168,uci_cell0209_win00
104.82661996497373,27.415061295971977,77.41155866900175,51.28721541155867,37.02276707530648,31.640980735551665,20.50262697022767,14.320490367775832,11.784588441330998,72.97898423817864,55.537653239929945,48.887915936952716,35.26094570928196,26.691768826619963,22.567425569176883,2.374110306100579,2.0056511578520286,1.8401474781641296,1.392461621237521,1.1620589276456175,1.0980478851757298,53.31750033825983,2.1466165413533838,0.0,0.0383152597524917,0.0913141473673102,0.6601339770670513,0.5325158735346536,156.6518441236367,60.201327555973386,uci_cell0211_win00
113.32447817836812,26.538899430740038,86.78557874762808,56.08918406072106,39.98671726755218,34.71157495256167,22.741935483870968,15.08349146110057,12.2561669829222,77.2011385199241,58.079696394686906,51.53889943074004,37.18406072106262,27.155597722960152,22.823529411764707,2.6592847107673934,2.2132663403588353,2.0665347882141023,1.5781091062637564,1.2532225628051088,1.1642681217159385,50.275182483648,3.348101265822785,0.0,0.013700526256857,0.0525453069157908,0.7395689114543571,0.5302869644243546,141.52337325497498,53.903894552503445,uci_cell0212_win00
112.43339587242026,25.084427767354597,87.34896810506567,63.70356472795497,44.68292682926829,38.9906191369606,27.954971857410882,16.78236397748593,13.22514071294559,83.6829268292683,61.81801125703565,54.926829268292686,41.63977485928705,28.26829268292683,23.313320825515948,3.202286890805198,2.6136537564447364,2.451430473773798,2.0487492461362105,1.4647163183969298,1.3161889814649712,27.20141793135901,2.756476683937824,0.0,0.0174784983517338,0.0391841635233094,0.7635492817409866,0.7720128582258899,155.10117338351475,56.45000913987549,uci_cell0215_win00
94.41679873217116,24.2202852614897,70.19651347068145,52.93660855784469,39.0824088748019,33.48177496038035,19.467511885895405,12.9540412044374,10.437400950871632,72.22028526148969,55.25515055467512,48.38668779714739,31.949286846275754,23.194928684627577,19.27892234548336,2.7728106993944723,2.4332386477224124,2.258252117057597,1.5613516990141372,1.2708617782112226,1.1883626146700557,39.329477497422616,3.602272727272727,0.0,0.0263737213287392,0.0639887130056546,0.5539133219916503,0.556056896278479,143.98956178089338,61.08002863174287,uci_cell0216_win00
93.0607476635514,23.968847352024923,69.09190031152647,51.87071651090343,38.12149532710281,32.83956386292835,19.118380062305295,12.721183800623052,10.228971962616823,70.79283489096574,53.965732087227416,47.44548286604361,31.376947040498443,22.753894080996886,18.89563862928349,2.759336399419572,2.4163639386091376,2.2568708498168415,1.5603845676508317,1.2704512027720738,1.184482902006259,20.957986393427877,3.810650887573965,0.0,0.0324503851586659,0.0412741250086461,0.5396167032383851,0.7292793302912622,149.836390585065,63.22174760944692,uci_cell0217_win00
92.16203703703704,22.979938271604937,69.1820987654321,49.95679012345679,37.120370370370374,32.0,17.890432098765434,12.180555555555555,9.88888888888889,68.06172839506173,52.33641975308642,46.026234567901234,29.665123456790123,21.816358024691358,18.21141975308642,2.769105958395496,2.447017225481916,2.287785191509017,1.5211260855460151,1.2675516441720216,1.1922767690128762,31.682684565611336,3.075829383886256,0.0,0.0579630691457207,0.1144969686579338,0.5734130026901832,0.5833551740389759,158.35036055151954,63.7033639311411,uci_cell0218_win00
91.32824427480917,22.84732824427481,68.48091603053435,49.81984732824427,37.14503816793893,32.070229007633586,18.14503816793893,12.23206106870229,9.926717557251909,67.8854961832061,52.221374045801525,45.98625954198473,29.810687022900762,21.787786259541985,18.15114503816794,2.776505994488857,2.4709307021136517,2.310762844773849,1.5575772192184358,1.2841844457493408,1.2110843990614968,34.78869908551566,3.791907514450867,0.0,0.0085115328170947,0.011153403826323,0.4785273947216816,0.8304753934371258,161.6015647655195,64.58074787446154,uci_cell0219_win00
111.9812734082397,25.0374531835206,86.9438202247191,51.1310861423221,35.8183520599251,30.876404494382022,19.329588014981272,13.344569288389513,10.908239700374532,70.30524344569288,52.06367041198502,45.88014981273408,32.04494382022472,23.861423220973784,20.04494382022472,2.6697472687741244,2.2077032997968216,2.060988325033275,1.5234085514984377,1.272963719592923,1.197711194340405,26.50548784320783,2.656716417910448,0.0,0.0338037771799016,0.0759156139577611,0.6494926840199231,0.6087053559334645,160.577237051856,60.85867194087528,uci_cell0221_win00
114.49904397705545,24.697896749521988,89.80114722753346,48.67686424474187,35.780114722753346,30.191204588910132,18.04588910133843,13.34225621414914,11.1414913957935,67.00956022944551,51.135755258126196,44.391969407265776,30.049713193116634,23.25812619502868,19.77246653919694,2.673732550332479,2.3378937944608262,2.1338654545506945,1.509480465360005,1.352588780456841,1.2991716863861387,53.28283178301303,4.9245283018867925,0.0,0.010147582181345,0.0331840248023091,0.6273334773273779,0.5272307644980568,149.89509692195918,58.517371238282415,uci_cell0226_win00
115.6686046511628,24.728682170542637,90.93992248062015,51.14922480620155,36.52906976744186,30.906976744186046,18.523255813953487,13.753875968992247,11.527131782945736,69.68217054263566,51.84108527131783,45.05038759689923,30.484496124031008,23.67248062015504,20.180232558139537,2.7993379303655694,2.389121844918434,2.188439380305465,1.5515209273930215,1.3911902643007203,1.3389961137054158,58.50656636454092,3.401315789473684,0.0,0.0389321823016896,0.0845291489341272,0.4964894122588755,0.5586286579210641,150.47244512522707,58.165577006683385,uci_cell0227_win00
116.6608187134503,25.267056530214425,91.39376218323586,47.24366471734893,35.00389863547758,28.976608187134502,18.59259259259259,13.90643274853801,11.651072124756336,65.953216374269,50.666666666666664,43.43664717348928,30.799220272904485,24.003898635477583,20.401559454191034,2.532341486855064,2.238525058633281,2.0081560126924685,1.5269379418502214,1.3820935399882661,1.336275031011874,68.88607568298508,4.460869565217391,0.0,0.0410265403695284,0.0977617276820728,0.5997702613542973,0.5225660661790343,129.7921755819792,54.35518362244937,uci_cell0229_win00
113.76335877862596,28.400763358778626,85.36259541984732,49.786259541984734,35.36259541984733,30.251908396946565,19.490458015267176,14.301526717557252,11.988549618320612,72.50954198473282,54.961832061068705,48.56488549618321,35.412213740458014,27.931297709923665,24.129770992366414,2.210673544607666,1.8165178419857024,1.6561405612256472,1.2268389703209532,1.0522969211661957,0.9904941591487388,35.774831180360295,2.453271028037383,0.0,0.0322388103111211,0.1037521710843723,0.4719668791884038,0.4486157699997195,162.00384959510208,63.68905364208516,uci_cell0230_win00
110.92037037037036,25.75,85.17037037037036,49.89074074074074,36.02407407407407,30.32777777777778,19.95,15.416666666666666,13.196296296296296,70.05555555555556,53.28148148148148,46.425925925925924,33.82962962962963,27.18148148148148,23.64074074074074,2.4821497818836997,2.0931932192080103,1.8894868286820927,1.4427409981086523,1.3167902005402052,1.2706725578947708,58.87660211384768,3.246987951807229,0.0,0.0327651542034684,0.093340271394909,0.5165756296129065,0.5842909211321241,155.91120360700774,61.66355388279318,uci_cell0231_win00
110.56377079482439,26.909426987061,83.6543438077634,50.05175600739371,35.7264325323475,30.036968576709796,19.597042513863215,15.033271719038817,12.859519408502774,71.40295748613678,54.10720887245841,47.2735674676525,34.63031423290203,27.926062846580407,24.369685767097966,2.3480243728595536,1.9475656606520266,1.746823618703893,1.3073985046883805,1.1703436428020537,1.1223268003304945,64.1458869885921,2.665024630541872,0.0,0.0285348437809307,0.0713844764275802,0.6218220967619396,0.5325011019508136,158.48014420144622,63.23714300884676,uci_cell0232_win00
106.42095914742451,28.54706927175844,77.87388987566608,48.671403197158085,34.792184724689164,29.27708703374778,19.22202486678508,14.190053285968029,11.868561278863233,70.69804618117229,53.4955595026643,46.715808170515096,34.248667850799286,26.895204262877442,23.0461811722913,2.227854916153895,1.8642905347649443,1.6816947729740734,1.2814298669598922,1.1202180511996669,1.0656574430109036,44.68596244418723,2.4017094017094016,0.0,0.0282454587417929,0.0839391555074018,0.4723035694585973,0.4725289035043287,160.62944931399156,62.439332044432206,uci_cell0233_win00
100.35570469798658,28.046979865771814,72.30872483221476,48.105704697986575,33.79026845637584,28.59731543624161,19.130872483221477,13.917785234899329,11.555369127516778,69.48322147651007,51.79697986577181,45.348993288590606,33.42617449664429,25.91946308724832,22.053691275167786,2.282350092793114,1.8922306462612053,1.7223253559128897,1.344903184874386,1.1663780011934357,1.1087519397083176,46.540949553446126,2.7850467289719627,0.0,0.0371280887831837,0.0990814664795502,0.6000275364124048,0.4140706768983681,160.68595412291577,54.96566014934304,uci_cell0235_win00
96.90259740259741,27.162337662337663,69.74025974025975,45.83766233766234,32.878246753246756,27.349025974025974,17.788961038961038,13.136363636363637,10.9512987012987,65.76623376623377,49.57954545454545,42.82305194805195,30.964285714285715,24.102272727272727,20.51298701298701,2.3141030952406005,1.9776290460362802,1.773164702944111,1.3535142362730133,1.2018034995307643,1.150057612841705,58.5573171957771,2.5708333333333333,0.0,0.0316201150405244,0.0792271852048281,0.5970483503608881,0.4513240728957624,149.85183234224016,60.2936724715599,uci_cell0236_win00
98.3404605263158,25.96546052631579,72.375,47.42927631578947,34.53947368421053,28.830592105263158,18.24013157894737,13.407894736842104,11.15296052631579,67.04934210526316,51.1546052631579,44.26809210526316,31.39967105263158,24.404605263157894,20.713815789473685,2.424332247256467,2.083433435845482,1.8725535396488056,1.3897405904262945,1.2232518212781278,1.172038291569547,47.35930543464788,2.859154929577465,0.0,0.0229765232068148,0.076050633997652,0.5065954477654468,0.6393452610202693,146.55475003965978,59.97347560803368,uci_cell0238_win00
102.10921501706484,27.58361774744027,74.52559726962457,48.737201365187715,34.39761092150171,29.25938566552901,19.233788395904437,13.882252559726963,11.549488054607508,69.73720136518772,52.05290102389078,45.68600682593857,33.267918088737204,25.686006825938566,21.91296928327645,2.3503737778717166,1.9560033744635041,1.788332028206436,1.3753678850873219,1.1817553429603396,1.1208919398765835,44.56163191713112,2.6044444444444443,0.0,0.0212572779486989,0.0633523194553086,0.4672776586518091,0.4594803452924587,171.2940201264667,70.65541985414008,uci_cell0239_win00
107.38129496402878,26.553956834532375,80.8273381294964,52.51258992805755,36.16726618705036,31.115107913669064,20.973021582733814,14.638489208633093,12.053956834532373,72.52338129496403,53.04496402877698,46.80935251798561,34.451438848920866,25.95863309352518,22.0,2.6401286613646753,2.1449153746441048,1.9861054389571084,1.5596839835823713,1.2972967080880737,1.2159131785480752,45.13795582379978,2.48,0.0,0.0333445014501231,0.1011364645709642,0.6989149680341566,0.5110601360390974,171.30224025196446,75.81904746036997,uci_cell0242_win00
106.33392857142857,28.571428571428573,77.7625,53.53928571428571,37.330357142857146,31.93392857142857,21.244642857142857,14.698214285714286,11.969642857142857,75.57678571428572,55.92857142857143,49.14642857142857,35.88392857142857,26.94107142857143,22.625,2.468756093569993,2.0269930529022973,1.8690696048837612,1.4579933718288616,1.2092650729257866,1.1314460895080676,56.53942528118067,3.0106951871657754,0.0,0.0305335277500521,0.0883664979663674,0.5015979662379446,0.4543819826645636,168.7631038930365,69.85779341833297,uci_cell0245_win00
99.46345514950166,24.61295681063123,74.85049833887044,52.31395348837209,36.23920265780731,31.42358803986711,20.42358803986711,13.606312292358805,11.014950166112957,71.07641196013289,51.66611295681063,45.6578073089701,32.395348837209305,23.473421926910298,19.551495016611295,2.8092765648118947,2.3567033583397383,2.214143743771699,1.7123760836800739,1.3840021597081322,1.2968926330221957,37.24398785267593,2.4430894308943087,0.0,0.0174589302344683,0.0702406165974205,0.4767710902266647,0.3602007366372987,152.29304668744322,64.52586617449742,uci_cell0248_win00
100.47058823529412,26.12436974789916,74.34621848739496,50.924369747899156,35.89411764705882,31.015126050420168,20.509243697478993,13.638655462184873,10.99327731092437,70.32268907563025,51.90588235294118,45.73109243697479,32.90756302521008,23.88403361344538,19.863865546218488,2.675614078176954,2.258811259554316,2.11823377751141,1.6610255220969543,1.3384349870484231,1.2468552875695662,37.38868415516758,2.4791666666666665,0.0,0.0212219425615821,0.0837355554655786,0.4408458634462738,0.4517683561142881,155.2364755822923,65.28716233825061,uci_cell0249_win00
100.63193277310924,25.85546218487395,74.7764705882353,50.16974789915967,35.57142857142857,30.84201680672269,20.571428571428573,13.574789915966386,10.914285714285715,69.5563025210084,51.747899159663866,45.8,33.154621848739495,23.92436974789916,19.89747899159664,2.612824516065011,2.207983724879877,2.072074921398566,1.6400397571616063,1.3148740148740046,1.2177935416590804,30.269288336050995,3.020304568527919,0.0,0.0236795559401518,0.0824451851972476,0.4422957520631077,0.4219880927007937,155.89626372077083,65.9239900096229,uci_cell0250_win00
102.82444061962134,24.10843373493976,78.71600688468159,51.73666092943201,37.815834767641995,32.33390705679862,19.938037865748708,13.561101549053356,10.994836488812393,70.52667814113597,53.628227194492254,46.95869191049914,32.290877796901896,23.719449225473323,19.76075731497418,2.761750300950998,2.394503423859501,2.214074271970148,1.616862053609043,1.3380274344129641,1.2584002677376125,32.20826408785289,3.364161849710982,0.0,0.032899532849358,0.0826392253059965,0.5687375336230367,0.6526770484653202,139.63752999593805,54.75375248813632,uci_cell0251_win00
102.2098976109215,22.83617747440273,79.37372013651877,51.19965870307167,37.08361774744027,31.361774744027304,18.274744027303754,12.926621160409557,10.575085324232083,68.98805460750853,52.05290102389078,45.20136518771331,29.940273037542664,22.544368600682596,18.911262798634812,2.881887621373919,2.4793419251397077,2.268665691532588,1.5698485246266853,1.3480207363739745,1.274171813207644,37.79604985233722,2.900990099009901,0.0,0.0387467750847301,0.0880926983806952,0.6056451260927788,0.5131105570049067,142.0036017058122,55.271834378519465,uci_cell0252_win00
98.49752883031302,22.85172981878089,75.64579901153212,51.105436573311366,38.02306425041186,32.71993410214168,19.728171334431632,13.388797364085667,10.825370675453048,69.03624382207579,53.085667215815484,46.655683690280064,31.495881383855025,23.059308072487646,19.186161449752884,2.853942453162662,2.526778523051169,2.350884748145874,1.6795091646409572,1.38888181651772,1.2997979916843099,29.43128088966242,3.234042553191489,0.0,0.034834232127108,0.0804731515157298,0.4210788980546974,0.5830451501663524,137.9933623862594,53.69044565692557,uci_cell0253_win00
99.03814262023218,23.046434494195687,75.99170812603649,51.15257048092869,37.59038142620232,32.39635157545605,19.880597014925375,13.550580431177446,11.03150912106136,69.28855721393035,52.8955223880597,46.57213930348259,31.857379767827528,23.429519071310118,19.597014925373134,2.8236235051731913,2.459138307064116,2.288278995741689,1.6626506439939255,1.3751310786136517,1.2931223512069205,44.65511424888706,3.282608695652174,0.0,0.0187574003112283,0.0653884046156833,0.543382449566336,0.5578045527749848,146.09924690589344,55.80960590622719,uci_cell0254_win00
98.19407894736842,24.44078947368421,73.7532894736842,50.04111842105263,37.30921052631579,32.01973684210526,19.526315789473685,13.651315789473685,11.15625,68.46875,52.75822368421053,46.276315789473685,31.585526315789473,23.60361842105263,19.769736842105264,2.7238298047199887,2.423154589728943,2.253725566739551,1.624226139357718,1.3764638869901906,1.3002604166666618,55.96240265356428,2.506172839506173,0.0,0.0261136553707056,0.0799306364752514,0.4224931809970217,0.4543425129261494,138.16066490819776,58.64922511438407,uci_cell0256_win00
99.06446280991736,24.279338842975207,74.78512396694215,48.39504132231405,36.48760330578512,31.406611570247932,19.722314049586778,13.928925619834711,11.423140495867768,67.29586776859504,52.525619834710746,46.26611570247934,32.35371900826446,24.429752066115704,20.550413223140495,2.564577155865314,2.2787220563156336,2.117476765658592,1.5651329386866575,1.3306478003172106,1.255564738292015,49.95369474550961,2.876190476190476,0.0,0.0190389176897931,0.0969076454248295,0.4392176950699684,0.3709891992675534,147.23504048243768,61.63123712245795,uci_cell0257_win00
98.01963993453356,24.759410801963995,73.26022913256956,49.11456628477905,36.33060556464812,31.114566284779052,19.610474631751227,13.939443535188216,11.482815057283142,68.0785597381342,52.28150572831424,45.89852700490999,32.14075286415712,24.330605564648117,20.55155482815057,2.6015108637517237,2.2872429664299316,2.113880546402602,1.5715705098683823,1.347321572771644,1.2729463208186598,57.8475572361485,3.5114942528735638,0.0,0.0188075220588793,0.0986566019706595,0.4258910070434966,0.4096780455189897,152.8979868318722,64.32819712220012,uci_cell0259_win00
98.7904290429043,23.92904290429043,74.86138613861387,47.523102310231025,35.64521452145215,30.84158415841584,19.392739273927393,13.528052805280527,11.122112211221122,66.16006600660066,51.417491749174914,45.43234323432343,31.765676567656765,23.82013201320132,20.07095709570957,2.5559533371907572,2.264734425123184,2.119013191719945,1.5720907530313444,1.319108577524407,1.247485522361755,56.07726871029474,3.348066298342541,0.0,0.0102607641862871,0.0434317551290999,0.3972043270164583,0.4454974609752988,154.6407336816972,65.39075193831212,uci_cell0260_win00
98.6099173553719,24.300826446280993,74.30909090909091,49.45123966942149,35.69421487603306,29.831404958677687,18.105785123966943,12.937190082644628,10.586776859504132,67.60661157024794,50.558677685950414,43.49917355371901,29.565289256198348,22.345454545454544,18.776859504132233,2.7659932323944405,2.4152844871455916,2.193330662207669,1.5870642442956489,1.3811173124396252,1.2988560934015438,74.30470215727267,4.026490066225166,0.0,0.0183246680888998,0.0626011783630625,0.5642895373171538,0.4170374180589065,146.98332567512887,60.72571762568688,uci_cell0262_win00
99.64891846921797,24.291181364392678,75.35773710482529,49.630615640599004,35.848585690515804,30.02828618968386,18.18136439267887,13.041597337770384,10.717138103161398,67.83527454242929,50.85024958402662,43.83028286189684,29.75873544093178,22.555740432612314,18.941763727121465,2.753948156830576,2.399952033494884,2.1808816643116935,1.5734366622469782,1.375348025056839,1.307455407413805,61.073380058815886,5.0,0.0,0.0108210031697678,0.0443869167905869,0.4205400732389115,0.5100123344392259,146.97751063205294,60.5057704368417,uci_cell0263_win00
99.38870431893687,24.277408637873755,75.11129568106313,48.62292358803987,35.443521594684384,29.491694352159467,17.845514950166113,12.906976744186046,10.606312292358805,66.80398671096346,50.380398671096344,43.285714285714285,29.430232558139537,22.451827242524917,18.900332225913623,2.7042169215670655,2.38037517007128,2.1434554463624234,1.5444446472685638,1.3569144218645866,1.2846892633022156,67.24779221211895,4.658914728682171,0.0,0.0271430072214727,0.0815163279190853,0.5255183002503375,0.418211308702788,145.3668136644344,60.27580144032715,uci_cell0264_win00
101.27749576988155,24.86294416243655,76.414551607445,50.21489001692047,36.27241962774958,30.866328257191203,19.15228426395939,13.306260575296108,10.88663282571912,69.07275803722504,51.981387478849406,45.36040609137056,31.38917089678511,23.37394247038917,19.588832487309645,2.680707164632883,2.3177008120750213,2.1358970520418947,1.5703951965224026,1.3282821568354444,1.2558242565856708,57.50182283107839,5.628571428571429,0.0,0.0157660152614096,0.0487740692091164,0.4762766110806618,0.4635283358261985,147.46276014636928,61.05474122601692,uci_cell0265_win00
104.5183887915937,23.842381786339754,80.67600700525394,50.18213660245184,35.67425569176883,29.605954465849386,18.12784588441331,13.518388791593695,11.309982486865149,68.28021015761821,50.84063047285464,43.651488616462345,30.043782837127846,23.373029772329247,19.893169877408056,2.791949270124108,2.3607710873652987,2.1155868686827723,1.5283309996094567,1.3762070290091206,1.3238581714063287,70.82441341777482,3.515337423312884,0.0,0.0321854193745778,0.082307770803442,0.5523594455395947,0.4748042687251084,152.4917551232531,62.1142744150273,uci_cell0266_win00
103.65565217391304,22.902608695652173,80.75304347826086,50.64869565217391,36.77913043478261,30.683478260869567,18.812173913043477,14.229565217391304,11.996521739130435,68.5095652173913,51.627826086956524,44.38260869565217,30.384347826086955,23.829565217391306,20.4,2.8682483638587106,2.4898686703950776,2.246240277297454,1.6291254348245214,1.4876266680179646,1.4340788631658208,77.28721763436587,5.877551020408164,0.0,0.0342375701662595,0.080196586765013,0.5787890935952712,0.4586001537759836,149.9925521235139,63.69032143327109,uci_cell0267_win00
104.19895287958116,24.25130890052356,79.94764397905759,50.03490401396161,36.589877835951135,29.973821989528794,18.01047120418848,13.546247818499127,11.226876090750435,67.48865619546248,50.478184991274,42.75567190226876,28.719022687609076,22.350785340314136,18.869109947643977,2.9460305058783476,2.6427752539240035,2.3519887616746304,1.6865700132715766,1.5432602011136038,1.474991689520482,74.64557308492073,3.4727272727272727,0.0,0.0248816179494221,0.0788568848380387,0.5929812470910398,0.475775196027437,142.34678426189035,60.45201166930393,uci_cell0268_win00
109.88990825688073,29.255045871559634,80.6348623853211,49.420183486238535,34.190825688073396,29.115596330275228,19.139449541284403,13.423853211009174,11.051376146788991,72.73577981651376,54.372477064220185,47.96880733944954,35.41467889908257,27.15045871559633,23.06422018348624,2.1275133602986993,1.6979550224168205,1.5454599168506904,1.1773708979516777,0.9799069559390702,0.9215361397012828,38.246576939622834,3.323170731707317,0.0,0.0388766316448889,0.1045450274921213,0.5425517512485621,0.5813600402329099,179.69266804336056,72.22576010637741,uci_cell0284_win00
109.15664845173042,30.207650273224044,78.94899817850637,54.642987249544625,37.78142076502732,32.442622950819676,22.72495446265938,15.043715846994536,11.896174863387978,78.632058287796,58.35883424408014,51.61020036429873,39.13296903460838,28.63752276867031,23.604735883424407,2.2890088774317072,1.8420195049089765,1.6959217957489223,1.387998784820547,1.1096653177173905,1.0192953070002246,42.29860635972119,5.219047619047619,0.0,0.015800555842348,0.055116118142534,0.3696165949755321,0.5156631420081489,174.3620717989695,70.40798949342536,uci_cell0285_win00
110.92764378478664,29.94990723562152,80.97773654916512,53.426716141001855,37.97402597402598,32.98515769944341,22.26530612244898,14.743970315398887,11.909090909090908,77.38404452690168,58.37291280148423,52.001855287569576,38.601113172541744,28.46938775510204,23.85899814471243,2.2610225016619676,1.8704854934785338,1.7421112788487094,1.364264189652187,1.0771405748446556,1.0003707022723731,47.95437409347804,3.493506493506493,0.0,0.033083162217399,0.0970443416249731,0.5711709735845962,0.4610500903351365,134.2681868673745,57.367969703215216,uci_cell0286_win00
112.19850187265918,29.264044943820224,82.93445692883896,52.04494382022472,36.95880149812734,32.04119850187266,21.357677902621724,14.314606741573034,11.616104868913858,75.3314606741573,57.06928838951311,50.765917602996254,37.41760299625468,27.822097378277153,23.39325842696629,2.2435030684811945,1.8456937462268441,1.71752264018519,1.3337748786732593,1.0634028346809246,0.9901224347853571,49.34288394858299,2.944751381215469,0.0,0.0222709717856677,0.0914838487152918,0.4838158663365717,0.5319975339489476,133.39335583154485,59.66231209577322,uci_cell0288_win00
110.78888888888889,30.053703703703704,80.73518518518519,52.522222222222226,37.09814814814815,31.881481481481483,20.65740740740741,14.396296296296295,11.853703703703705,74.82592592592593,55.55,48.992592592592594,35.29259259259259,26.66296296296296,22.572222222222223,2.394260396269104,2.021861804220776,1.873456895088948,1.4157368335982456,1.1785717281387234,1.1116714818103695,81.79836853435252,5.556701030927835,0.0,0.0126606259442912,0.0662137131043963,0.4301505972797909,0.2788793335167951,125.37714969870548,56.45623995847604,uci_cell0295_win00
110.75139146567717,29.873840445269018,80.87755102040816,50.31725417439703,35.968460111317256,30.929499072356215,20.007421150278294,14.185528756957329,11.719851576994435,72.18552875695732,54.493506493506494,48.111317254174395,34.708719851576994,26.515769944341372,22.53617810760668,2.3226989268872504,1.9551122147022684,1.8087237414496176,1.36647137994081,1.1568793109227486,1.091306801835557,68.66518862777357,4.935779816513762,0.0,0.0119533963058964,0.0968924014865653,0.3912914801631461,0.4121413775952441,136.4048429858958,60.33608618436092,uci_cell0300_win00
112.34022556390977,28.900375939849624,83.43984962406014,50.943609022556394,36.78383458646616,31.479323308270676,20.075187969924812,14.148496240601503,11.672932330827068,72.66353383458646,55.00375939849624,48.2406015037594,34.37593984962406,26.099624060150376,22.133458646616543,2.3692798616069197,2.025881295170746,1.8823022380858938,1.4072506445287774,1.1889156947897532,1.1224285530676514,59.285442201583294,4.214285714285714,0.0,0.0105553708058741,0.0598631959607296,0.3613949812855289,0.3742017134166591,133.20131618768755,59.67306797994095,uci_cell0301_win00
112.90359168241966,29.179584120982987,83.72400756143668,50.0586011342155,36.16635160680529,31.38563327032136,20.168241965973536,13.964083175803403,11.497164461247637,72.13232514177693,54.85633270321361,48.746691871455575,34.99810964083176,26.372400756143666,22.35727788279773,2.297562374453626,1.956527839837746,1.8252513994587671,1.3753446040073933,1.1350257304132583,1.0683327935454574,74.68431944245381,4.093023255813954,0.0,0.0234930480441687,0.073585720320067,0.5075633960444751,0.5033974813398222,133.0154462788727,60.19641061432589,uci_cell0302_win00
115.40582524271845,30.386407766990292,85.01941747572816,51.99611650485437,36.9378640776699,31.96504854368932,21.093203883495146,14.227184466019418,11.510679611650485,75.47572815533981,56.852427184466016,50.43495145631068,36.89126213592233,27.370873786407767,22.945631067961166,2.233672514554003,1.8616542561228995,1.7348967600198382,1.3356572044246813,1.0806898571727908,1.0090725274941694,65.44234958699968,4.886792452830188,0.0,0.0330301482914407,0.1049151338082928,0.4515525335311781,0.5023079550779754,140.52491430122416,63.10227539661749,uci_cell0303_win00
115.41425818882466,28.038535645472063,87.3757225433526,50.57225433526011,36.50481695568401,31.75722543352601,20.223506743737957,13.971098265895954,11.45086705202312,71.35260115606937,54.127167630057805,48.127167630057805,34.14836223506744,25.59344894026975,21.616570327552985,2.442801263639445,2.0798344831843516,1.9485531361413886,1.459348526365673,1.2091713039689893,1.1316872968607088,50.90677597387949,3.3701298701298703,0.0,0.034363396775594,0.1027811587109118,0.5217018296547077,0.5348012821609632,132.2666734576748,59.2820407830576,uci_cell0304_win00
112.5657894736842,28.00563909774436,84.56015037593986,50.53007518796993,36.56578947368421,31.860902255639097,20.404135338345863,13.921052631578947,11.44548872180451,71.08646616541354,53.953007518796994,47.96616541353384,34.08646616541353,25.353383458646615,21.43233082706767,2.4710686100808084,2.1109533865731307,1.983556861901757,1.4950952843105152,1.221955848036672,1.1518145336284467,53.826604680426456,3.18562874251497,0.0,0.0234063071571264,0.082870072944636,0.4453608044917805,0.5515245190761578,132.20863634105797,59.60300667265634,uci_cell0305_win00
111.67289719626169,27.829906542056076,83.84299065420561,50.444859813084115,36.467289719626166,31.60373831775701,20.07102803738318,13.844859813084112,11.426168224299065,71.34579439252336,54.04485981308411,47.93457943925234,33.96822429906542,25.45981308411215,21.59065420560748,2.4297090029594712,2.0819765742621983,1.9422193535818741,1.4514812768015104,1.198475047797475,1.1311820474437324,61.71373679853416,3.104651162790698,0.0,0.016968066212901,0.0687365302120055,0.415532289791143,0.4484951660705273,131.74142530580775,59.39917531804058,uci_cell0306_win00
111.57089552238806,27.567164179104477,84.00373134328358,54.06716417910448,36.75,31.48134328358209,22.171641791044777,14.507462686567164,11.64179104477612,74.98880597014926,54.45522388059702,47.97761194029851,36.274253731343286,26.34141791044776,22.027985074626866,2.598032393315893,2.0815888611895743,1.9149072565458196,1.5794256569264755,1.2305978743478732,1.1261764096185742,38.26903026782673,3.134502923976608,0.0,0.0197103712641792,0.0752423050780209,0.3874450733332245,0.6351189403385226,158.21384546166252,65.88533858268868,uci_cell0318_win00
111.06145251396649,28.08193668528864,82.97951582867783,49.88081936685288,34.13594040968343,29.029795158286777,19.450651769087525,13.189944134078212,10.707635009310987,70.27001862197393,51.3389199255121,44.981378026070765,32.906890130353815,24.286778398510243,20.28491620111732,2.4523932097088696,1.988059586130659,1.82350222528565,1.4493943362658441,1.1918307845682081,1.1221917230297094,38.15283607374056,4.261904761904762,0.0,0.0104218244135202,0.0606876334585243,0.3398212238814823,0.5000307343789521,162.81862334871812,70.70079498586453,uci_cell0336_win00
109.308957952468,27.265082266910422,82.04387568555758,54.56307129798903,35.855575868372945,30.409506398537477,19.742230347349178,13.361974405850091,10.83180987202925,74.46252285191956,52.13345521023766,45.44241316270567,32.46252285191956,23.83729433272395,19.957952468007313,2.775559391549231,2.2106124246685512,2.030571079366914,1.5578111703846902,1.2828683149067002,1.1931945466680343,50.620039636594825,4.831858407079646,0.0,0.0025348139959874,0.0069812493292749,0.5455589488395656,0.6156171294198264,161.0555168118903,68.38142961234176,uci_cell0340_win00
111.36516853932584,28.576779026217228,82.78838951310861,53.99625468164794,35.70037453183521,30.297752808988765,19.40074906367041,13.395131086142323,10.859550561797754,74.48501872659176,52.47378277153558,45.672284644194754,32.30337078651685,24.089887640449437,20.172284644194757,2.687694775574302,2.14414951687297,1.978634589692538,1.5033477693279098,1.253797741999984,1.1698578263184995,28.91871720594486,3.905109489051095,0.0,0.0226606256523139,0.0650422505082972,0.4042398917168845,0.5597895132214626,158.99779256941056,67.71692526536154,uci_cell0342_win00
111.55597014925372,27.986940298507463,83.56902985074628,51.11940298507463,34.29664179104478,29.03917910447761,19.08955223880597,13.69589552238806,11.350746268656716,72.5223880597015,52.34701492537314,45.843283582089555,33.417910447761194,25.744402985074625,21.940298507462686,2.409683039219386,1.904800080143988,1.7324900346933167,1.334544076470498,1.140669985072971,1.0764715539435674,47.151438588273,7.328767123287672,0.0,0.0080287475029867,0.0170378553317392,0.5496099566731825,0.6316312081179868,173.65761661471294,72.17760683834804,uci_cell0343_win00
109.40257352941177,30.691176470588236,78.71139705882354,51.66544117647059,35.838235294117645,30.3125,19.876838235294116,14.3125,11.915441176470589,75.58639705882354,55.32720588235294,48.268382352941174,35.068014705882355,27.075367647058822,23.137867647058822,2.2531128372044993,1.8598589927493365,1.699220528901829,1.3129592207098117,1.1293587545455783,1.0707878467529182,41.96701842996199,4.900900900900901,0.0,0.0285871704453192,0.0594605693862947,0.466623527212031,0.6264834970782801,171.44231764349576,70.05585378476765,uci_cell0344_win00
110.87384044526901,28.226345083487942,82.64749536178108,51.18923933209648,35.30055658627087,29.92207792207792,19.319109461966605,13.98330241187384,11.597402597402597,72.94990723562152,53.580705009276436,46.88126159554731,33.69202226345084,26.059369202226346,22.209647495361782,2.409328354814488,1.954526608922352,1.7791185874618836,1.3453358808296767,1.1600268336681103,1.0983042470764817,63.490488869363325,6.923076923076923,0.0,0.01106220757843,0.0444495815043669,0.7732674454473276,0.6665435331537395,162.74474894521487,66.0499849020403,uci_cell0345_win00
111.01301115241635,27.983271375464685,83.02973977695167,50.90706319702602,34.946096654275095,29.395910780669144,18.894052044609666,13.780669144981413,11.423791821561338,72.2546468401487,52.54646840148699,45.682156133829,32.84014869888476,25.46468401486989,21.682156133828997,2.4386449474595966,1.9917526772247698,1.8067182444353758,1.355272009194486,1.1818038941644817,1.1182954282396695,55.42046252187527,5.9010989010989015,0.0,0.0057290194624726,0.0195356404757767,0.4102747982954252,0.6057103999292585,161.63108411645973,66.71941970036012,uci_cell0346_win00
110.9460966542751,26.888475836431226,84.05762081784387,48.526022304832715,34.20817843866171,28.87732342007435,18.65799256505576,13.518587360594795,11.254646840148698,68.88289962825279,51.388475836431226,44.825278810408925,32.267657992565056,24.901486988847584,21.236059479553905,2.403358547805602,2.0020178712120598,1.8195456600733033,1.3788567561104772,1.1985136481651368,1.1395967441274168,50.24474522631972,5.836956521739131,0.0,0.0241032289633743,0.062574282788104,0.4828870300525995,0.7787551596254144,155.1333376777508,66.26742672424568,uci_cell0348_win00
110.20848708487085,27.02029520295203,83.18819188191883,46.60516605166052,33.064575645756456,28.509225092250922,18.321033210332104,12.959409594095941,10.682656826568266,66.74354243542436,49.928044280442805,44.049815498154985,31.38560885608856,23.80627306273063,20.121771217712176,2.361144332559407,1.9853793802480428,1.8494199131011135,1.406584971054791,1.2006552641700203,1.1393426223223284,26.40128370365339,4.2265625,0.0,0.0034312332454127,0.0087452590655386,0.4427352114139938,0.932952604407752,151.49329186481893,67.65084327492379,uci_cell0349_win00
117.57455268389663,30.67395626242545,86.90059642147118,49.04572564612326,33.512922465208746,28.10337972166998,18.383697813121273,13.8051689860835,11.628230616302186,69.12524850894633,49.80914512922465,43.188866799204774,31.216699801192842,24.52286282306163,21.01192842942346,2.4817867294825575,2.0632678974069503,1.8706160288362703,1.4388017714558412,1.2952422991190293,1.2482803396073714,35.89093705310299,2.6282722513089007,0.0,0.0422552140738448,0.063746434816919,0.5871620713653702,0.3857849528230185,150.37945319404312,63.76312474688312,uci_cell0353_win00
116.87204724409449,29.75,87.12204724409449,51.580708661417326,34.496062992125985,29.090551181102363,18.875984251968504,13.736220472440944,11.437007874015748,71.50393700787401,50.87007874015748,44.20472440944882,31.62007874015748,24.364173228346456,20.744094488188978,2.6263042808371844,2.112712850884764,1.9323354602647858,1.4870414444479405,1.299024007488565,1.236100317005824,50.79049223494196,5.425531914893617,0.0,0.0054548413228772,0.0157329749325475,0.5502136676882263,0.7176780426568911,150.19375674047978,65.45405628058043,uci_cell0355_win00
116.89723320158103,30.09683794466403,86.800395256917,51.66600790513834,34.43873517786561,29.25691699604743,19.035573122529645,13.812252964426877,11.531620553359684,71.87351778656127,51.12450592885376,44.58695652173913,32.05731225296443,24.626482213438734,20.962450592885375,2.605449019790465,2.0840963747705925,1.9241371615603926,1.4708059813936327,1.282511100011093,1.2273588291374866,67.83850556151687,4.932038834951456,0.0,0.0199159481225933,0.0830408034081299,0.5551665194863624,0.5687934796486972,151.6483024300685,66.19501913442126,uci_cell0356_win00
117.0748031496063,30.33267716535433,86.74212598425197,52.29133858267716,34.90551181102362,29.679133858267715,19.633858267716537,14.007874015748031,11.618110236220472,73.50393700787401,52.553149606299215,46.00196850393701,33.531496062992126,25.541338582677167,21.734251968503937,2.5233459782141803,2.013245106491989,1.844329701289762,1.4288444103658882,1.2196623367883175,1.154156681889276,68.14744575858465,5.795454545454546,0.0,0.0292739778293698,0.0726541687266318,0.5690789995145227,0.5990364741091979,154.14702499951224,67.36212879917339,uci_cell0358_win00
116.46379647749511,31.97651663405088,84.48727984344423,51.42857142857143,34.72211350293542,29.36399217221135,19.545988258317024,14.195694716242661,11.827788649706457,73.30724070450098,52.522504892367905,45.81800391389432,33.61252446183953,25.909980430528375,22.09784735812133,2.4129192833352193,1.9689909496187468,1.7980703403819942,1.398608684232935,1.2177796845811044,1.1601535645710848,65.56068718144817,5.457446808510638,0.0,0.035073309066657,0.0795666452270273,0.745839878376075,0.5739551169676437,154.28659518590322,66.36934198747585,uci_cell0359_win00
118.21980198019801,31.003960396039602,87.21584158415841,51.958415841584156,36.02970297029703,31.08910891089109,21.16039603960396,14.421782178217821,11.762376237623762,75.48514851485149,56.38217821782178,50.13465346534653,37.68316831683168,28.413861386138613,24.04950495049505,2.2138725197544082,1.7746479178181576,1.637147030675226,1.285701870275486,1.0348979216892176,0.9617387698692295,32.34941106600199,2.864406779661017,0.0,0.054272240206938,0.115952353435638,0.5159275302264543,0.5682118942700684,154.39240908901897,66.40272569219375,uci_cell0366_win00
118.35643564356435,29.53069306930693,88.82574257425743,51.988118811881186,36.20792079207921,31.368316831683167,21.386138613861387,14.72871287128713,12.07920792079208,73.87524752475248,54.92871287128713,48.83762376237624,36.46336633663366,27.479207920792078,23.316831683168317,2.3820237258192627,1.937746660446677,1.799627964786751,1.4233795048864888,1.1595393715195699,1.0793831306207493,39.4849507936555,3.2025316455696204,0.0,0.0531864076832941,0.1284834735457312,0.5536467774441929,0.4647357685837752,135.69607237253337,59.717477173357615,uci_cell0368_win00
120.11468812877264,27.54527162977867,92.56941649899396,52.02414486921529,36.2092555331992,30.8953722334004,20.080482897384307,14.991951710261569,12.663983903420522,71.56740442655935,52.64989939637827,46.19114688128773,33.19114688128773,26.00804828973843,22.354124748490946,2.676591658011081,2.2088803142096545,2.0261042993644565,1.5368347279816137,1.366377697866635,1.3134701426451962,62.888664305558365,3.185897435897436,0.0,0.0158426991091231,0.0702211861253308,0.4160489256171257,0.6078913968882779,143.53610069310128,62.7047273180799,uci_cell0371_win00
120.87044534412955,27.997975708502025,92.87246963562752,52.27732793522267,36.01012145748988,30.821862348178136,20.024291497975707,14.969635627530364,12.61336032388664,72.22267206477733,52.96761133603239,46.568825910931174,33.52429149797571,26.366396761133604,22.708502024291498,2.635071732845169,2.1354444764685754,1.9671217287911806,1.4914786285850536,1.3222528624097485,1.2590382121252592,60.353885272925,3.264900662251656,0.0,0.0098678282875369,0.0519910793286585,0.3889232467831762,0.303016379304237,145.06116430376883,64.07179803971336,uci_cell0372_win00
120.50607287449392,28.809716599190285,91.69635627530364,57.06275303643725,37.836032388663966,32.28137651821862,21.425101214574898,14.912955465587045,12.273279352226721,77.97773279352226,55.38056680161943,48.60931174089069,35.46761133603239,26.734817813765183,22.70242914979757,2.750784397761483,2.162544511078127,1.9841059603444295,1.532977057260645,1.2683436017027347,1.183489733388517,58.62909854973522,3.734848484848485,0.0,0.0154758118115935,0.0728550346487117,0.5463157464651546,0.3956445859168551,149.5171631798227,67.30308400189006,uci_cell0374_win00
90.23831070889895,21.126696832579185,69.11161387631977,55.998491704374054,34.13725490196079,25.223227752639517,19.524886877828056,15.616892911010558,13.221719457013574,72.81900452488688,48.411764705882355,38.44193061840121,30.70739064856712,24.8868778280543,21.289592760180994,3.3353617767744703,2.3900502270578143,1.9091017914547215,1.7495085357076423,1.689252523076059,1.6444336709042593,38.70276494317988,9.095890410958903,0.0,0.0024484169583857,0.0050310946342533,0.6457278873403272,1.083947638628325,121.73361020473062,59.842694807823975,uci_cell0391_win00
96.36977491961414,32.236334405144696,64.13344051446946,49.453376205787784,36.51607717041801,31.522508038585208,21.178456591639872,15.35048231511254,12.766881028938906,76.62700964630226,60.540192926045016,54.233118971061096,41.257234726688104,32.72025723472669,28.210610932475884,1.8255191699098239,1.5253844810188206,1.393897937807537,1.0607436349698665,0.8885562948005703,0.8317769609286557,45.84040403334899,5.008064516129032,0.0,0.0378075879881463,0.0512193151744825,0.7466984819631322,0.4156910798244641,149.04476573132771,72.19913689400248,uci_cell0394_win00
97.09771986970684,32.13680781758958,64.96091205211727,49.94462540716612,36.87785016286645,31.866449511400653,21.583061889250814,15.578175895765472,12.944625407166123,77.05537459283387,60.817589576547235,54.45928338762215,41.501628664495115,32.74755700325733,28.20358306188925,1.85002328359604,1.5467402986692937,1.4163499401246207,1.0906119916798147,0.91173301358398,0.8526987668980888,64.25023773016916,7.884615384615385,0.0,0.0529615676985043,0.0630515906069232,0.6445442847111461,0.3575505338281552,148.0141544207463,71.62956174595726,uci_cell0395_win00
97.05048859934854,31.92671009771987,65.12377850162866,49.95928338762215,37.00814332247557,31.938110749185668,21.636807817589577,15.684039087947882,13.027687296416937,76.84690553745928,60.69055374592834,54.28664495114006,41.306188925081436,32.63192182410423,28.099348534201955,1.8626567111681347,1.5673197942193493,1.4339365805139264,1.1052682847362183,0.9301447790051561,0.8691325911278213,69.81662380246065,6.591397849462366,0.0,0.0388907896990957,0.0309385466154843,0.8280784912891437,0.5077463447427609,145.7861361368648,70.5792541457625,uci_cell0397_win00
96.42718446601941,32.53398058252427,63.89320388349515,50.81877022653722,37.653721682847895,32.65695792880259,22.687702265372167,15.98705501618123,13.179611650485437,78.33980582524272,61.737864077669904,55.31391585760518,42.519417475728154,32.859223300970875,28.006472491909385,1.854936455849859,1.571609099673515,1.4498407420615114,1.151579831410643,0.9535804045753279,0.8952164163682425,71.1565589974529,5.508928571428571,0.0,0.0502751667002385,0.0807117404981871,0.478173854050597,0.4144789155721489,146.42930185368385,72.22733147685231,uci_cell0399_win00
97.37049180327868,33.00491803278688,64.3655737704918,51.557377049180324,38.12622950819672,33.11639344262295,22.931147540983606,16.14918032786885,13.272131147540984,79.5327868852459,62.734426229508195,56.33114754098361,43.25409836065574,33.501639344262294,28.555737704918034,1.8511838814707766,1.5557262075300649,1.4324325402317595,1.1335034701319373,0.9350038828851404,0.8729286372410535,73.6830088642046,5.903846153846154,0.0,0.0295695304976593,0.0457115513030466,0.6056566198137734,0.3717909092419441,150.00866019339924,73.74484448893557,uci_cell0400_win00
98.09016393442623,33.34754098360656,64.74262295081967,51.350819672131145,38.53934426229508,33.56065573770492,23.965573770491805,16.875409836065575,13.722950819672132,79.22622950819672,62.96229508196721,56.47377049180328,43.850819672131145,33.58688524590164,28.263934426229508,1.8495108548268882,1.5848929868013957,1.4708458238701196,1.2110569754194724,1.0146239012604983,0.9477227826818,24.61763782894383,3.935483870967742,0.0,0.0185117487593657,0.0732964565581755,0.4829556983813582,0.6753527550455197,128.27483357967682,57.31411962423169,uci_cell0401_win00
95.11942675159236,28.977707006369428,66.14171974522293,52.07643312101911,38.52070063694268,33.644904458598724,23.780254777070063,16.186305732484076,13.101910828025478,75.98248407643312,59.24363057324841,53.060509554140125,40.56210191082803,30.39968152866242,25.56687898089172,2.1859455247459243,1.8640070785616043,1.7388654276557398,1.4239136622034332,1.1455905524318326,1.057506095284757,40.68611646099588,4.117647058823529,0.0,0.0174052977718054,0.0598654672827686,0.5431365144364759,0.4954313243638541,116.94020498572176,62.72494951281716,uci_cell0403_win00
96.32636655948554,26.856913183279744,69.46945337620579,53.97909967845659,40.72990353697749,35.72186495176849,24.639871382636656,16.84887459807074,13.755627009646302,75.80225080385853,59.37781350482315,53.08520900321543,39.52090032154341,29.30225080385852,24.686495176848876,2.478593769820863,2.1885948552408183,2.0619930050205824,1.6609763292735693,1.3581127072284578,1.2638163729803502,40.80451349600469,6.9,0.0,0.0023364769290624,0.0263997156343311,0.5539237722318159,0.3865386970881984,122.9535466931095,53.68194423745372,uci_cell0405_win00
93.3213728549142,27.600624024961,65.7207488299532,53.702028081123245,40.24804992199688,35.2792511700468,25.160686427457097,16.750390015600622,13.471138845553822,76.62870514820592,59.71138845553822,53.390015600624025,40.661466458658346,29.73634945397816,24.829953198127924,2.3640324713720546,2.0843045589976397,1.9660673992196311,1.6417867799107444,1.305638559766987,1.2019859452386685,63.72844103355945,8.113924050632912,0.0,0.0110835017291937,0.0291685900254356,0.7214775613482493,0.5150381623857201,133.7044207094559,62.62141827078719,uci_cell0406_win00
92.97045101088646,30.018662519440124,62.951788491446344,50.92379471228616,37.80559875583204,32.842923794712284,23.08709175738725,16.216174183514774,13.276827371695179,76.11975116640747,59.59564541213064,53.211508553654745,40.766718506998444,31.208398133748055,26.493001555209954,2.036952953665269,1.7479311303490292,1.6249133008531809,1.316955824755662,1.0920990868596971,1.0146191572330525,52.882170946469,10.206349206349206,265.625,0.0002361799450986,0.0008961891698305,0.5403692501425394,1.2146630946542356,141.66744003165098,64.21422138265645,uci_cell0407_win00
94.55379746835443,27.44145569620253,67.1123417721519,56.97626582278481,43.037974683544306,38.08860759493671,28.265822784810126,18.615506329113924,14.599683544303797,79.84177215189874,62.427215189873415,56.12183544303797,43.65981012658228,31.495253164556964,25.873417721518987,2.5194992180721583,2.244358810605233,2.1376960200974375,1.8657063103095985,1.4686301956076198,1.315845548666194,36.673429620492136,3.739644970414201,0.0,0.0447997613382506,0.0714692576284988,0.5134884249132031,0.4884970264247191,108.73924500857817,63.73313201318644,uci_cell0409_win00
99.52911813643927,27.163061564059902,72.36605657237936,59.955074875207984,43.738768718802,37.60399334442596,26.575707154742098,18.083194675540767,14.304492512479202,83.1414309484193,62.886855241264556,55.21797004991681,41.490848585690514,30.52079866888519,25.169717138103163,2.6489165194656534,2.3236345553820055,2.1665687685204955,1.8109891770763353,1.4808758698317745,1.3401974342906116,29.05927945197508,5.189655172413793,0.0,0.0071319159590236,0.0310740580174939,0.4659164231207602,0.406334434898381,112.61765607123024,60.43127266981048,uci_cell0417_win00
97.50651465798046,27.0,70.50651465798046,57.09120521172638,40.697068403908794,35.13355048859935,24.52442996742671,16.151465798045603,12.882736156351791,79.54885993485343,59.33061889250814,52.355048859934854,39.16612377850163,28.311074918566774,23.473941368078176,2.580870650940054,2.203384825682582,2.057836489215949,1.6937475200971575,1.3428372568437714,1.2292260083383835,36.72630507627447,4.066225165562914,0.0,0.0137629383261047,0.0442380484061445,0.5991022542945275,0.4927597007169169,115.89289942119102,60.52300757850034,uci_cell0418_win00
91.94453004622495,26.88135593220339,65.06317411402158,53.750385208012325,39.08320493066256,33.90446841294299,23.468412942989215,15.687211093990754,12.61633281972265,76.231124807396,57.8613251155624,51.32819722650231,38.258859784283516,27.96302003081664,23.308166409861325,2.4121945199222266,2.095113143519241,1.9596545623628876,1.599325169150919,1.2885055878892606,1.1904887442637786,34.00573757204284,3.5824175824175826,0.0,0.0222556210934057,0.0350477889907478,0.5059047580031449,0.5593636099308859,120.92279458156472,66.93987101980107,uci_cell0419_win00
90.08421052631579,25.796992481203006,64.28721804511278,52.99699248120301,38.94285714285714,33.74586466165414,23.425563909774436,15.428571428571429,12.275187969924811,74.55338345864662,56.76992481203008,50.18195488721805,37.258646616541355,26.85112781954887,22.169924812030075,2.4930566452517806,2.2072235985943456,2.068732514656419,1.7071197459993737,1.3609271877073763,1.2502580523069224,25.34222182338062,3.772727272727273,0.0,0.0123747831787628,0.0370284776488596,0.4959707465070995,0.4896875114580951,117.4273138489948,64.69218262138797,uci_cell0420_win00
91.45954198473282,27.64732824427481,63.81221374045801,54.051908396946565,39.76030534351145,34.37099236641222,24.204580152671756,15.851908396946564,12.526717557251908,77.31145038167939,59.03664122137405,52.21221374045802,39.29923664122138,28.334351145038166,23.34503816793893,2.3674608908495856,2.080717606275505,1.9434406210148922,1.6186029106968887,1.281308717600817,1.1688545974805489,31.837071508763582,4.068322981366459,0.0,0.0210416491839661,0.0474630703003676,0.8129620087491932,0.5905688253575971,119.1578315897066,59.29375974062364,uci_cell0421_win00
107.18637992831542,32.96057347670251,74.2258064516129,56.02150537634409,39.6415770609319,33.98745519713262,22.817204301075268,16.768817204301076,14.091397849462366,83.69354838709677,63.77598566308244,56.70967741935484,42.80465949820788,34.01971326164875,29.473118279569892,2.0432567883673705,1.6558175638151265,1.508895885054449,1.1538090674619017,0.9852818542173246,0.9304531122881852,56.39548862029606,5.9361702127659575,0.0,0.0096095198591752,0.0486937760483584,0.4493755644062888,0.4420757525538386,125.75551362715622,62.72860988436255,uci_cell0423_win00
97.8111658456486,28.36945812807882,69.44170771756978,58.93431855500821,43.610837438423644,36.522167487684726,23.945812807881772,16.509031198686372,13.346469622331691,82.57471264367815,63.03612479474548,54.37110016420361,38.92446633825944,28.77504105090312,23.92775041050903,2.543104565300114,2.2687403438161713,2.061551154408514,1.6110233903027105,1.3588743882463088,1.2745181282386318,34.67360435158879,4.959349593495935,0.0,0.032759197698643,0.0771464306694506,0.6202685244064812,0.586681211002599,80.8910267347964,53.79549779976889,uci_cell0443_win00
96.61389337641357,34.79806138933764,61.81583198707593,51.74959612277868,15.470113085621971,12.877221324717286,9.583198707592892,7.203554119547658,6.003231017770598,66.30048465266559,25.815831987075928,22.24071082390953,17.17447495961228,13.319870759289175,11.237479806138934,3.713421171744727,1.5013537779991428,1.3812959971279901,1.2705977382875646,1.1814216478190604,1.1546042003231074,30.766390520634744,1.889908256880734,0.0,0.0397187908148994,0.0937083348916655,0.592405272996612,0.4604740836144096,159.7421056434997,73.36502566206326,uci_cell0446_win00
96.61389337641357,34.79806138933764,61.81583198707593,51.74959612277868,15.470113085621971,12.877221324717286,9.583198707592892,7.203554119547658,6.003231017770598,66.30048465266559,25.815831987075928,22.24071082390953,17.17447495961228,13.319870759289175,11.237479806138934,3.713421171744727,1.5013537779991428,1.3812959971279901,1.2705977382875646,1.1814216478190604,1.1546042003231074,30.766390520634744,1.889908256880734,0.0,0.0397187908148994,0.0937083348916655,0.592405272996612,0.4604740836144096,159.74220967609494,73.3650734412883,uci_cell0447_win00
97.76960784313725,34.619281045751634,63.150326797385624,52.96895424836601,15.233660130718954,12.941176470588236,9.681372549019608,7.32516339869281,6.094771241830065,67.65686274509804,25.6781045751634,22.38235294117647,17.36764705882353,13.509803921568627,11.377450980392156,3.749691047206821,1.463836073149801,1.3759440813362405,1.2661356209150354,1.1901260504201685,1.162527233115471,27.19761858049555,2.050167224080268,0.0,0.0376035533802478,0.1108284208054144,0.547262104809667,0.4980832570044164,157.26080647067732,72.35607696490159,uci_cell0448_win00
88.95535714285714,27.770833333333332,61.18452380952381,50.092261904761905,36.239583333333336,30.424107142857142,19.861607142857142,14.063988095238095,11.623511904761905,73.40178571428571,56.254464285714285,49.13392857142857,36.001488095238095,27.720238095238095,23.589285714285715,2.1867016018965035,1.8318566698875798,1.6455168920931573,1.2471376255819115,1.0445249298665438,0.9833889024481189,44.9192669531616,4.072727272727272,0.0,0.010746085816184,0.0585936482047477,0.3615796821249288,0.5121627432203307,144.63958496148584,76.19952042034981,uci_cell0460_win00
85.33571428571429,22.521428571428572,62.81428571428572,47.604285714285716,34.38,29.237142857142857,19.82857142857143,13.838571428571429,11.201428571428572,65.71571428571428,49.76857142857143,43.504285714285714,31.895714285714284,23.812857142857144,19.89,2.6474809223256472,2.2479382424318852,2.0613901436897666,1.6512007285947166,1.392944566820332,1.2952983821733792,57.399218603929725,12.962962962962964,0.0,0.006502323524361,0.0028326278927817,0.8956861412881428,1.0013114613288276,172.08162716458136,77.52623148866188,uci_cell0482_win00
85.79022988505747,22.70258620689655,63.08764367816092,48.29597701149425,34.49425287356322,29.239942528735632,19.82902298850575,13.824712643678161,11.137931034482758,66.78735632183908,50.0301724137931,43.627873563218394,32.007183908045974,23.92241379310345,19.903735632183906,2.6482681956398455,2.2341334845280403,2.042692989687925,1.635922340327766,1.3763004496301827,1.2783812651269508,53.63875262878163,10.890625,0.0,0.0083544816801277,0.0087930721318355,0.9802447569345664,1.091015590755433,175.18494089851092,78.96449306880262,uci_cell0483_win00
87.82205882352942,23.08823529411765,64.73382352941177,49.61470588235294,35.127941176470586,29.83529411764706,20.019117647058824,14.01764705882353,11.475,68.78382352941176,51.483823529411765,45.03088235294118,33.05441176470588,24.916176470588237,21.01764705882353,2.6256874940353865,2.1714894679649386,1.9809198954164502,1.5494346441429256,1.294362045226006,1.2112994120172953,39.71454854095062,6.611650485436893,0.0,0.0119217301401558,0.0215141062566728,0.7060442284814908,0.9864645668547708,183.16684022588092,78.70017564036682,uci_cell0488_win00
84.78045325779037,24.48300283286119,60.29745042492918,48.96458923512748,36.98158640226629,31.98300283286119,22.53824362606232,15.427762039660056,12.196883852691219,69.07790368271955,53.94050991501416,47.72237960339943,35.801699716713884,26.389518413597735,21.691218130311615,2.4738504028378183,2.2071704312525733,2.0565616296601643,1.7151559697204093,1.4198921427670603,1.297065846864567,48.83340282625638,11.57377049180328,0.0,0.0028543342826898,0.0032729852529108,0.932606546774849,1.0256356985431652,167.98712029936726,75.76934985496221,uci_cell0490_win00
84.55586987270155,22.615275813295614,61.94059405940594,48.37623762376238,35.58132956152758,30.32248939179632,20.690240452616692,14.25035360678925,11.435643564356436,66.52050919377652,50.98585572842999,44.567185289957564,32.7029702970297,24.13719943422914,20.036775106082036,2.6895034724488895,2.3309435588417,2.1444294384181646,1.7314151823345605,1.4449945779507207,1.3346764268263505,35.3772449605586,6.616822429906542,0.0,0.0036064942862178,0.0054411427665199,0.8913402735788175,1.0659855113684338,144.63097359781227,87.7457734881335,uci_cell0491_win00
91.91551459293395,24.797235023041473,67.11827956989248,48.59293394777266,34.706605222734254,29.13364055299539,19.287250384024578,13.751152073732719,11.302611367127497,68.49615975422427,51.61904761904762,44.81874039938556,32.678955453149,24.9247311827957,21.03379416282642,2.461212457916057,2.0610137282605887,1.8621844802524212,1.4428565493420482,1.2343814488975704,1.1663850784818577,31.115292266560648,7.670588235294118,0.0,0.0154178377990493,0.0173834211893895,0.8466341410878891,1.0274528122121886,120.54593479234974,68.38523963547894,uci_cell0496_win00
81.4008152173913,22.695652173913043,58.70516304347826,50.28940217391305,37.59103260869565,32.13586956521739,22.089673913043477,14.751358695652174,11.633152173913043,69.52853260869566,53.72961956521739,47.08288043478261,34.78396739130435,25.282608695652176,20.797554347826086,2.6377097744506655,2.3423692183593157,2.1607433442637993,1.7480132525988483,1.4077832154258754,1.2768194856170436,22.62394601170536,6.282051282051282,0.0,0.0115881092538741,0.0062153759256992,0.6864318507263089,0.97575593225339,157.86354012957835,83.29787201807929,uci_cell0497_win00
102.13651877133105,28.735494880546074,73.40102389078498,57.346416382252556,40.59726962457338,34.48805460750853,23.87372013651877,15.51023890784983,12.061433447098976,81.21331058020478,61.42320819112628,54.022184300341294,40.71160409556314,29.52047781569966,24.088737201365188,2.4105013566470292,1.9558722274373934,1.7720356467068064,1.4239666630148506,1.112942733697853,1.0083079794683882,77.38198558304396,19.53333333333333,539.0625,0.0061882067247577,0.0027951960790246,1.1287470695497386,1.1268782213098325,140.77742450405503,109.79884741583244,uci_cell0499_win00
94.51500789889415,25.83570300157978,68.67930489731438,48.55450236966825,34.864139020537124,29.421800947867297,20.09004739336493,14.440758293838863,11.849921011058452,69.33649289099526,52.57187993680885,45.80726698262243,34.06161137440758,26.110584518167457,22.015797788309637,2.359235051148271,1.9806757721862764,1.7986856601011534,1.4410042286311542,1.2409444549812472,1.1698376575153915,46.77108459024999,7.523809523809524,0.0,0.0036864257924334,0.0067727861477212,0.6012712936037785,0.934296608694438,120.35272576074502,86.61263318045853,uci_cell0502_win00
90.53172205438067,26.01510574018127,64.5166163141994,47.299093655589125,33.823262839879156,28.48489425981873,19.623867069486405,14.220543806646525,11.681268882175226,68.39425981873111,51.81722054380665,45.14803625377643,33.84441087613293,26.048338368580062,22.001510574018127,2.2701541812003105,1.897013225131166,1.7212779678479542,1.3864665346270175,1.2092789732284497,1.1392823566162014,35.50398573758923,8.060975609756097,0.0,0.00427172959836,0.0025427802139601,0.9016491954754948,0.9212923280374968,121.17071260877204,85.01958257533359,uci_cell0503_win00
67.82896237172177,20.476624857468643,47.352337514253136,38.46636259977195,25.654503990877995,21.660205245153932,16.27480045610034,12.456100342075256,10.358038768529076,55.1060433295325,39.7502850627138,34.70467502850627,27.279361459521095,21.548460661345494,18.27480045610034,2.3342791473026305,1.8331002062869166,1.6712994130014474,1.484775916369526,1.3770253039751332,1.315791156248993,55.638942480410776,7.048,0.0,0.0253543892303378,0.0215087596121203,0.8316357801914694,0.7403336289773581,152.9439877120697,57.87774819827446,uci_cell0515_win00
69.36004784688996,46.893540669856456,22.466507177033492,18.026315789473685,14.64354066985646,13.28468899521531,10.73444976076555,8.462918660287082,7.088516746411483,37.67344497607655,27.008373205741627,24.41267942583732,19.80861244019139,15.767942583732058,13.339712918660288,1.085516007339352,1.2031250755298593,1.2025091721075138,1.1861327517199194,1.163121862852723,1.139197900053154,46.18182516542364,2.4956521739130437,0.0,0.0406631403450051,0.0806844098063681,0.5357795462906643,0.6035021622759827,157.523403728517,90.73827304922324,uci_cell0527_win00
66.8314606741573,21.461797752808987,45.369662921348315,37.651685393258425,25.01685393258427,21.02247191011236,15.837078651685394,12.10561797752809,10.098876404494382,55.21348314606742,39.87303370786517,34.73033707865169,27.341573033707864,21.553932584269663,18.287640449438204,2.1615127232031592,1.6906958929908849,1.5380030204081563,1.379232679085625,1.2864196103522025,1.2383239076778372,17.540876897418983,3.4728682170542635,0.0,0.0020269199976748,0.0028514070215546,0.4250698495295023,0.9812918693566054,111.5345047303936,66.45981769984742,uci_cell0548_win00
73.29064039408867,21.410098522167488,51.88054187192118,35.868226600985224,21.78448275862069,18.940886699507388,15.137931034482758,12.007389162561577,10.195812807881774,52.42857142857143,35.470443349753694,31.54064039408867,25.695812807881772,20.708128078817733,17.7192118226601,2.2007535040940964,1.5984281007660848,1.508802165688133,1.438857027619347,1.386187304075235,1.361314410821799,27.550182429515505,6.923728813559322,0.0,0.0015597373047983,0.0016242679260912,0.6892199439348358,1.1298003592241257,124.74181880188728,71.24607399111265,uci_cell0549_win00
71.08551068883611,21.45724465558195,49.62826603325416,42.79216152019002,30.897862232779097,24.975059382422803,17.454869358669832,13.224465558194774,11.045130641330166,60.451306413301666,46.048693586698334,39.05581947743468,29.446555819477435,23.201900237529692,19.758907363420427,2.427735377249282,2.042592838188937,1.776310783696863,1.4587101362146768,1.3294451128180198,1.2726702368626244,17.83245265961797,4.730337078651686,0.0,0.0019184756535713,0.0037888333597313,0.3536779367038852,1.0042643671080276,94.78508417400673,67.22783295399675,uci_cell0550_win00
58.00596421471173,18.19980119284294,39.806163021868784,34.17097415506958,20.473161033797215,17.548707753479125,13.610337972166999,10.474155069582505,8.666003976143141,49.358846918489064,33.12524850894632,29.170974155069583,23.26441351888668,18.3727634194831,15.470178926441353,2.2850686039201933,1.6283621839078786,1.518058279445836,1.4134911201014502,1.3309984167588529,1.2803854362999465,38.48811036091352,2.654639175257732,0.0,0.0413934444917562,0.0731857400381789,0.6460854885207867,0.5871378285983397,99.36971992578246,56.93478496627055,uci_cell0551_win00
63.359872611464965,18.57537154989384,44.78450106157113,39.84288747346072,28.489384288747345,20.669851380042463,15.14968152866242,11.566878980891719,9.587048832271762,55.176220806794056,41.438428874734605,32.6411889596603,25.220806794055203,19.853503184713375,16.766454352441613,2.6077552126345696,2.204561007228216,1.729446382233008,1.5071939442958495,1.4010266066794665,1.3405916152731414,15.240978283591488,2.3709273182957395,0.0,0.0269611952099704,0.0492726763530601,0.5788199775563603,0.5973420771746032,100.10300707715776,58.072314423840666,uci_cell0552_win00
66.65178571428571,20.063616071428573,46.588169642857146,40.654017857142854,29.667410714285715,22.891741071428573,16.010044642857142,12.118303571428571,10.040178571428571,57.098214285714285,43.583705357142854,35.762276785714285,26.864955357142858,21.032366071428573,17.743303571428573,2.486013229886581,2.1435940472287585,1.7864451838801512,1.4823748560831724,1.3664835009980096,1.3127377892444851,14.15861025505868,2.9572368421052637,0.0,0.0069297778683577,0.0101936336436835,0.6045916235431351,0.7958698396181714,98.90621080199443,60.6499092081656,uci_cell0553_win00
67.37950450450451,19.536036036036037,47.843468468468465,42.13626126126126,32.25788288288288,25.30743243243243,16.902027027027028,12.664414414414415,10.438063063063064,58.189189189189186,45.792792792792795,37.820945945945944,27.440315315315317,21.332207207207208,17.945945945945947,2.636913449233873,2.3925913294576198,2.0294034069769333,1.6091137997388039,1.4678462584712535,1.3985306329056353,17.75357006329712,3.951111111111111,0.0,0.0069730888986593,0.005549757212935,0.707322733739377,0.8972616608901262,109.56145122962393,61.87381913327414,uci_cell0554_win00
70.64852071005917,21.084023668639052,49.56449704142012,44.140828402366864,35.78934911242604,30.589349112426035,19.71715976331361,14.169230769230769,11.685207100591716,61.8,50.751479289940825,44.441420118343196,31.47810650887574,23.90532544378698,20.166863905325442,2.5171948675557574,2.4040621410656366,2.2185670988462443,1.6820392447402568,1.4628002438061607,1.3856873599773,25.118779181407007,5.5359477124183005,0.0,0.005089619233418,0.0013554498136951,0.6118616570116102,0.9976923953425932,111.82946846735378,65.49625748178784,uci_cell0555_win00
91.74885145482389,20.983154670750384,70.76569678407351,53.1010719754977,41.398162327718225,32.643185298621745,20.744257274119448,16.649310872894333,14.263399693721286,69.80857580398163,55.62480857580398,45.86830015313936,32.02143950995406,26.079632465543646,22.51301684532925,3.185066547690991,2.9166540645393852,2.4738492095239253,1.8450670564759342,1.7723897592963604,1.7367382532390176,20.18508499074525,4.2064516129032254,0.0,0.012798010496507,0.0147771659387373,0.661594231400119,0.8623358932806945,144.45135979372313,57.91449870535825,uci_cell0593_win00
86.97368421052632,20.454678362573098,66.51900584795321,51.44736842105263,37.4312865497076,27.874269005847953,19.834795321637426,15.780701754385966,13.419590643274853,67.80701754385964,51.20906432748538,40.634502923976605,30.666666666666668,24.75438596491228,21.255847953216374,3.168553605543873,2.734271573029485,2.195413117747866,1.8423470048470063,1.765438374977851,1.7208171945014072,42.49880204959416,6.754901960784314,0.0,0.006561626447019,0.0087802532206742,0.6597331831066406,0.6642561791673022,151.8145549342916,60.420651787744056,uci_cell0597_win00
89.01190476190476,19.96279761904762,69.04910714285714,51.24107142857143,39.791666666666664,27.561011904761905,20.223214285714285,16.25297619047619,13.767857142857142,66.96577380952381,53.11309523809524,39.885416666666664,30.674107142857142,24.927083333333332,21.342261904761905,3.265924141121099,2.995153583602251,2.240430303823161,1.9406610750360767,1.8811933106576122,1.8273260345804987,25.021612394449832,3.958823529411765,0.0,0.018884726605182,0.0170186665035293,0.5049961974991565,0.7293486323250779,155.23931792121638,59.71463103434989,uci_cell0600_win00
83.12638888888888,28.948611111111113,54.17777777777778,42.81944444444444,31.366666666666667,27.227777777777778,19.801388888888887,13.819444444444445,11.070833333333333,66.84722222222223,52.081944444444446,46.53888888888889,36.15555555555556,27.14027777777778,22.4125,1.7841533847481912,1.5161775967697035,1.4121952006923706,1.2133158704893157,1.0404322298072364,0.9793358262108244,18.545462127185303,5.677165354330708,85.9375,0.0002816883957929,0.0008273782600974,0.4118774410387812,1.0179969046405306,150.0540268561122,66.84949084898932,uci_cell0604_win00
83.78741258741259,29.655944055944055,54.131468531468535,46.106293706293705,39.29090909090909,36.07692307692308,26.678321678321677,19.60979020979021,16.436363636363637,71.05734265734266,60.65034965034965,55.86433566433566,43.416783216783216,33.29090909090909,28.144055944055943,1.868161075185409,1.8568961266584312,1.8374911988013578,1.6062556648720339,1.4478108133443566,1.4194064552999075,20.18812524427278,4.890410958904109,0.0,0.0045705334409669,0.0273722145100178,0.3731770226098267,0.5004328368144888,100.50602780322698,55.10728502386521,uci_cell0625_win00
78.21018276762402,38.60182767624021,39.608355091383814,34.860313315926895,30.048302872062663,27.58485639686684,22.900783289817234,18.741514360313317,16.215404699738905,69.79503916449086,60.32637075718016,55.920365535248045,47.31201044386423,39.240208877284594,34.30548302872063,1.0060190800122357,1.0030585084258659,0.9857330750932225,0.9544276898302281,0.9369587291289927,0.9231408241287077,45.170327178131686,11.25,242.1875,0.0030437422528807,0.0182115606192385,0.1997290348240093,0.3603682547988865,98.87011168809168,56.71572513419065,uci_cell0627_win00
76.80678851174935,40.690600522193215,36.11618798955614,31.473890339425587,27.06005221932115,24.66187989556136,20.227154046997388,16.342036553524803,14.054830287206267,68.70365535248042,59.338120104438644,54.78328981723238,46.11879895561358,38.12924281984334,33.240208877284594,0.8529970636913886,0.8456740685104707,0.8265797768549195,0.7907737883852681,0.7627016802360879,0.7473158987981592,36.51963021153988,7.58252427184466,0.0,0.0020937162417079,0.0200154232282538,0.2176382686967004,0.3256162947214155,108.4740679840182,62.552599699468985,uci_cell0628_win00
74.4501246882793,28.442643391521198,46.00748129675811,39.97630922693267,33.61221945137157,30.561097256857856,24.258104738154614,17.457605985037407,13.577306733167083,64.0498753117207,53.80673316708229,48.97506234413965,39.569825436408976,29.82294264339152,24.16209476309227,1.6757289725028317,1.6785173048987685,1.6717680768070717,1.5952182181954693,1.4238698645494159,1.2954782082074672,64.25875339664378,4.231578947368421,0.0,0.0005127745730145,0.0037348189742535,0.2138785166905213,0.3633472658374962,111.11997516081313,65.70705656533586,uci_cell0635_win00
74.8125,30.622448979591837,44.19005102040816,38.5969387755102,32.90688775510204,30.246173469387756,24.552295918367346,18.267857142857142,14.269132653061224,64.26530612244898,54.234693877551024,49.713010204081634,40.598214285714285,31.182397959183675,25.271683673469386,1.531090245625547,1.5673248863230804,1.575732917328701,1.5492135192449128,1.4294034240326052,1.3118049803795904,72.37643217870475,7.207207207207207,0.0,0.0257883215104893,0.0500141420298422,0.3764270164595282,0.4155373507786699,114.62927073408876,69.49676939106838,uci_cell0639_win00
75.13682864450128,22.91176470588235,52.22506393861892,46.971867007672635,38.888746803069054,34.46035805626598,22.78005115089514,13.180306905370845,10.30306905370844,66.46675191815856,55.265984654731454,49.512787723785166,35.32480818414322,23.407928388746804,19.084398976982097,2.4355764601002807,2.3908547800675146,2.3009039153420394,1.8174814741950291,1.291098000465003,1.1782568099703576,54.55153802507449,2.962686567164179,0.0,0.0211515242541851,0.0530184402260132,0.4670736039893554,0.4228162372304849,113.82186129247944,61.63366797661903,uci_cell0646_win00
79.46987951807229,20.5475234270415,58.92235609103079,50.535475234270415,36.566265060240966,24.958500669344044,14.819277108433734,11.132530120481928,9.23293172690763,66.97322623828649,50.285140562249,37.59036144578313,25.393574297188756,19.757697456492636,16.685408299866133,3.091032434292903,2.67833051500352,1.9846692232234324,1.4078810673188185,1.2962990490098831,1.2456567008775918,36.58412084184366,3.963157894736842,0.0,0.0204403840063335,0.0674774924008154,0.4943128875621233,0.4348316735071698,118.21993732051322,59.39817314403906,uci_cell0674_win00
77.08880308880309,19.853281853281853,57.23552123552123,49.7992277992278,21.24066924066924,16.61261261261261,12.707850707850708,9.782496782496782,8.137709137709138,65.63835263835264,34.26126126126126,28.53281853281853,22.585585585585587,17.8005148005148,15.018018018018019,3.159580932104159,1.6346094756809006,1.3961744961744904,1.2893184464612872,1.2237293415864818,1.1878945271802437,24.013984877616576,6.216,0.0,0.0011064168988814,0.0030907642889296,0.5634341705350288,0.9253599318790336,116.33836920233826,64.07315536767067,uci_cell0676_win00
76.04475703324808,19.78005115089514,56.26470588235294,48.87851662404092,24.234015345268542,16.88235294117647,12.732736572890026,9.695652173913043,8.052429667519181,64.57544757033249,37.112531969309465,28.67774936061381,22.471867007672635,17.570332480818415,14.809462915601022,3.157967108519255,1.9033288552242225,1.4483807581904506,1.320167812329377,1.2420706772522099,1.2070076910869731,57.35096059242036,4.164021164021164,0.0,0.0671481633465762,0.0870045292846835,0.4085788849920707,0.578991973500349,119.15559374630718,66.76308946255226,uci_cell0677_win00
110.23020257826887,41.53406998158379,68.69613259668509,50.675874769797424,31.69060773480663,27.94659300184162,23.613259668508288,19.790055248618785,17.147329650092082,75.46040515653776,48.17495395948435,42.89134438305709,36.18600368324125,30.233885819521177,26.279926335174952,2.232295728955161,1.9284992701463222,1.8749518475890286,1.8857715897771126,1.905111677763616,1.8890180415042375,30.44993689944105,4.414634146341464,0.0,0.0066978783076255,0.0163920984198076,0.63312050255229,0.6186169271922954,145.81122231734136,72.5515855153996,uci_cell0685_win00
110.23020257826887,41.53406998158379,68.69613259668509,50.675874769797424,31.69060773480663,27.94659300184162,23.613259668508288,19.790055248618785,17.147329650092082,75.46040515653776,48.17495395948435,42.89134438305709,36.18600368324125,30.233885819521177,26.279926335174952,2.232295728955161,1.9284992701463222,1.8749518475890286,1.8857715897771126,1.905111677763616,1.8890180415042375,30.44993689944105,4.414634146341464,0.0,0.0066978783076255,0.0163920984198076,0.63312050255229,0.6186169271922954,145.81131727740092,72.55163276486896,uci_cell0686_win00
112.36346516007534,43.11487758945386,69.24858757062147,52.75517890772128,33.16007532956686,29.178907721280602,24.75517890772128,20.919020715630886,18.175141242937855,77.78531073446328,48.9774011299435,43.32391713747646,36.58568738229755,30.70809792843691,26.694915254237287,2.368064334585346,2.1157155329768687,2.0707994132512235,2.1032663977579187,2.151472434240797,2.146957060516381,49.3598423410904,6.409638554216867,0.0,0.0055537228392488,0.0093415636373738,0.6377842094790235,0.7027325962757333,144.56913160434868,72.62461775159797,uci_cell0687_win00
102.68041237113403,33.09106529209622,69.58934707903781,48.96735395189003,30.745704467353953,27.621993127147768,23.695876288659793,20.085910652920962,17.56529209621993,68.74226804123711,45.59278350515464,41.2852233676976,35.25257731958763,29.695876288659793,26.00171821305842,2.631877593265476,2.088708533417764,2.03882383267535,2.07258532602471,2.1133567655189918,2.1086488092225233,54.03160950521559,7.097560975609756,0.0,0.0016470767207371,0.0036006199117523,0.5519098454841496,0.6002994101698079,158.31245128433713,80.81085785381212,uci_cell0692_win00
102.00341880341881,34.022222222222226,67.98119658119658,48.090598290598294,30.834188034188035,28.18119658119658,24.413675213675212,20.692307692307693,17.89059829059829,67.35384615384615,45.18119658119658,41.37094017094017,35.54529914529915,29.945299145299145,25.98119658119658,2.6371132593332165,2.1629337661069683,2.1567419184308907,2.2202670297945084,2.2702036522041196,2.246729790442182,45.1244926147998,6.428571428571429,0.0,0.0086937199168783,0.0250328051638693,0.51381420304178,0.5889099194499535,158.82209983105412,81.1565311965397,uci_cell0693_win00
100.93760539629005,30.84317032040472,70.09443507588533,51.715008431703204,32.46711635750422,28.821247892074197,24.642495784148398,20.893760539629007,18.219224283305227,70.70994940978078,46.94940978077572,42.138279932546375,35.87689713322091,30.231028667790895,26.376053962900507,2.8469035448446585,2.247155173739839,2.1706284820559274,2.2018179122732193,2.24747958783272,2.244121594163753,47.00042860464131,7.589743589743589,0.0,0.0022479326404345,0.0081825454340619,0.535383940018903,0.6517005354262856,165.04071216252729,87.94221140161902,uci_cell0695_win00
102.38936535162951,31.638078902229847,70.75128644939966,54.682675814751285,37.16295025728988,31.871355060034304,26.658662092624358,22.687821612349914,19.97770154373928,76.4819897084048,52.80789022298456,45.9811320754717,38.548885077186966,32.65180102915952,28.727272727272727,2.7756385666993495,2.445307504005874,2.305532665702959,2.303777329274434,2.353947052678131,2.36907107994841,46.12924348503389,7.024096385542169,0.0,0.0124379587865029,0.0347934977765574,0.5276266626707385,0.6165516780342081,162.8792383024975,81.51797508872961,uci_cell0696_win00
91.92012288786482,25.06451612903226,66.85560675883256,53.50076804915515,37.757296466973884,30.523809523809526,23.749615975422426,20.210445468509985,18.172043010752688,74.27803379416282,55.385560675883255,47.05837173579109,38.242703533026116,32.775729646697386,29.56067588325653,2.7184604318428454,2.2715757880063348,1.977111574944888,1.8042497414832557,1.819445561895002,1.841512555205069,57.33456769457341,8.797297297297296,0.0,0.0266354911112869,0.0894509571175211,0.4580522124930047,0.4098111381245882,169.568103857478,85.02611302302205,uci_cell0698_win00
90.83308042488619,24.28528072837633,66.54779969650987,52.45523520485584,36.41578148710167,30.688922610015176,24.872534142640365,21.330804248861913,19.132018209408194,71.85128983308043,51.701062215478,44.42640364188164,36.44764795144158,31.01669195751138,27.637329286798177,2.868886743249044,2.4449623276787253,2.2562563381694263,2.1719234288238303,2.231088758147414,2.2827741345985957,42.99095704029512,5.681034482758621,0.0,0.0043893270426102,0.0126064059068131,0.5586410984962258,0.6070661374998682,166.43452418695514,87.11870331285259,uci_cell0699_win00
85.93371757925073,23.530259365994237,62.403458213256485,51.596541786743515,36.27521613832853,29.855907780979827,22.853025936599423,18.965417867435157,16.776657060518733,71.27521613832853,52.69740634005764,44.99135446685879,35.757925072046106,29.864553314121036,26.45100864553314,2.713872874725011,2.263773763650569,2.020474763426194,1.817113014535611,1.7982753515787822,1.8015417166869596,60.693999762731,7.988505747126437,0.0,0.0379370559111634,0.0996740578792892,0.5426608089268972,0.5423304218495603,170.73212592172945,80.63684437711063,uci_cell0703_win00
81.76543209876543,21.647462277091908,60.117969821673526,42.85322359396434,27.242798353909464,24.63923182441701,20.633744855967077,16.69684499314129,13.696844993141289,58.97530864197531,39.84087791495199,36.20713305898491,30.272976680384087,24.606310013717422,20.551440329218106,2.749987774414113,2.172790535506171,2.139635848833374,2.151466851621164,2.118877453136712,2.0055463512253633,47.42555020303709,4.9391891891891895,0.0,0.021543961422612,0.0536024497465918,0.6334486701742106,0.60041990839946,149.85713233237993,63.97529762302801,uci_cell0707_win00
78.86315789473684,19.192105263157895,59.671052631578945,50.74078947368421,35.828947368421055,28.655263157894737,22.760526315789473,18.898684210526316,16.38026315789474,66.26184210526316,48.92631578947368,40.77763157894737,33.002631578947366,27.353947368421053,23.767105263157895,3.283807331293946,2.7438447777703012,2.37116416929869,2.2298289502894706,2.2445262303485958,2.2261356516290607,23.574698420032338,3.2297872340425533,0.0,0.0065429230934594,0.0196406104342587,0.6056217371442297,0.9425345479964592,170.8070624516102,75.58210396704168,uci_cell0709_win00
77.9400260756193,18.559322033898304,59.38070404172099,51.392438070404175,36.98044328552803,28.36245110821382,21.677966101694917,17.388526727509777,14.552803129074315,66.45762711864407,49.60625814863103,40.01043024771838,31.43155149934811,25.4367666232073,21.554106910039113,3.4353396205697124,2.9469346307140225,2.451738778877558,2.232617617787107,2.1694066761863366,2.0852129508909165,30.92093036814023,4.333333333333333,0.0,0.0018076885106,0.0048010713330668,0.5336466555464386,0.5769360992346466,162.16102446767528,69.81989210826819,uci_cell0711_win00
77.7457627118644,35.08474576271186,42.66101694915254,27.936114732724903,21.70664928292047,19.122555410691003,14.597131681877444,10.791395045632333,8.773142112125162,43.87092568448501,34.4393741851369,30.621903520208605,24.073011734028682,18.47588005215124,15.376792698826597,1.805741539783396,1.7310260427305735,1.6738488825823845,1.547451259071768,1.4121760247575093,1.3382607975828296,28.470256758637145,5.746268656716418,0.0,0.0037286672500382,0.0043484697088032,0.6222013019403067,0.944697737094056,119.7077135857494,58.37111196732948,uci_cell0719_win00
76.2752880921895,30.270166453265045,46.00512163892446,26.626120358514726,20.38796414852753,18.14596670934699,13.841229193341869,10.26888604353393,8.335467349551857,42.23175416133163,32.597951344430214,29.265044814340587,23.021766965428938,17.724711907810498,14.750320102432779,1.770709707033059,1.6799750110925527,1.6334155819919656,1.5097972592210747,1.3831585472430608,1.3064056053492759,33.894753032210154,3.984771573604061,0.0,0.0052467369068998,0.0220448913335826,0.6133821925956927,0.5790530831746441,136.67242773281075,66.72048285027141,uci_cell0720_win00
74.81967213114754,23.218158890290038,51.6015132408575,33.50945775535939,21.244640605296343,18.707440100882724,14.051702395964691,10.26607818411097,8.253467843631778,48.46784363177806,33.09205548549811,29.459016393442624,22.939470365699872,17.48423707440101,14.457755359394703,2.336964402418061,1.81288917098158,1.7502000252247027,1.5847361059845277,1.42659821160303,1.3350819945082302,33.23465832346713,5.531034482758621,0.0,0.0158942566415895,0.0355410684719841,0.712346660389473,0.7111053118718405,155.52703046382513,75.13553669190364,uci_cell0721_win00
77.54616384915475,20.73602080624187,56.81014304291288,47.93888166449935,27.581274382314696,23.331599479843952,17.85825747724317,13.764629388816646,11.426527958387517,64.86605981794538,41.89726918075423,36.596879063719115,29.06371911573472,23.04031209362809,19.52925877763329,2.8625924169927113,1.9374438153975173,1.7689560298027696,1.6002752966342089,1.492248488038474,1.4198867251617853,34.597544110095164,3.552995391705069,0.0,0.0517560985036686,0.0999819983910581,0.5212647012688854,0.5546081282631246,156.58231900673414,69.98104331284394,uci_cell0722_win00
75.74778200253485,20.510773130544994,55.23700887198986,47.842839036755386,26.562737642585553,21.56020278833967,16.514575411913814,12.7680608365019,10.615969581749049,64.99239543726236,40.76552598225602,34.637515842839036,27.494296577946766,21.776932826362483,18.397972116603295,2.8136308552041496,1.8763333691789272,1.6515704423023772,1.507644137301934,1.42133918398177,1.3696808296618173,24.16346577918427,4.056410256410256,0.0,0.0039756643434532,0.0094769032211728,0.5558641137838283,0.658741543878068,165.56208685103394,77.2677343198461,uci_cell0723_win00
75.1874213836478,22.454088050314464,52.733333333333334,31.450314465408805,20.228930817610063,17.90943396226415,14.30817610062893,11.18867924528302,9.327044025157234,47.420125786163524,33.37987421383648,29.942138364779876,24.334591194968553,19.381132075471697,16.39245283018868,1.9789800698104976,1.5398104720435446,1.49032902383945,1.4300210551153891,1.3695261237714058,1.3252276130578107,27.5794997126372,4.422222222222223,0.0,0.0095954036675551,0.0164808569877879,0.644678478507676,0.6735033154856523,178.60407484483218,78.597824392894,uci_cell0724_win00
95.51834130781499,21.216905901116426,74.30143540669856,56.333333333333336,41.21212121212121,35.18022328548644,19.88835725677831,14.065390749601276,11.331738437001595,72.42424242424242,54.451355661881976,47.34130781499203,30.00159489633174,22.333333333333332,18.483253588516746,3.5195726562566287,3.1260402995697265,2.904500408328155,1.9714660140497466,1.7058367912434897,1.58932938406622,19.515855632952963,1.85207100591716,0.0,0.0226522220100133,0.0541384325817811,0.4190607442063375,0.5115642006682467,155.36753446995075,74.5796240249907,uci_cell0729_win00
99.48797250859107,24.95876288659794,74.52920962199313,57.077319587628864,24.692439862542955,20.871134020618555,15.743986254295532,11.878006872852234,9.740549828178693,76.61512027491409,40.16323024054983,34.955326460481096,27.343642611683848,21.233676975945016,17.785223367697593,2.9696132329370806,1.5991073631246315,1.4843694674539174,1.3604988081792257,1.2737620436074086,1.214125484099711,26.5417352581204,3.6149068322981366,0.0,0.004127217924967,0.0084495144178814,0.8543599136003216,0.7360697493203006,150.8318493507022,76.39791564626424,uci_cell0734_win00
88.74035608308606,24.381305637982194,64.35905044510386,54.98813056379822,41.64540059347181,36.29376854599406,25.281899109792285,15.287833827893175,11.746290801186944,74.86943620178042,58.73590504451039,52.20029673590504,38.804154302670625,26.51038575667656,21.465875370919882,2.7686319447276144,2.43957383253449,2.28514763600109,1.8730834018394547,1.3649626832119492,1.2121084734586338,5.473850791809575,1.497777777777778,0.0,0.0040391760963809,0.0205843886312425,0.2179730223386787,0.6065063695981142,150.49902961021505,76.3557459807093,uci_cell0735_win00
87.22594752186589,23.448979591836736,63.77696793002915,54.39067055393586,40.39212827988338,34.572886297376094,20.72594752186589,12.784256559766764,10.422740524781341,73.70553935860059,56.88921282798834,49.94460641399417,33.89650145772595,23.779883381924197,20.043731778425656,2.824932433628202,2.454363480085909,2.25447056635318,1.5773812679060497,1.1663051800806814,1.0881486144241221,14.02539035309998,1.9488636363636365,0.0,0.0195669268303297,0.055663981391635,0.5168434301981679,0.6159563713860111,162.80366325149876,86.05474906338297,uci_cell0736_win00
83.7909604519774,32.46186440677966,51.32909604519774,32.76129943502825,20.343220338983052,17.9774011299435,13.747175141242938,10.14406779661017,8.224576271186441,48.505649717514125,32.56638418079096,29.097457627118644,22.901129943502823,17.557909604519775,14.597457627118644,2.1177276486946717,1.6663386558513673,1.618771294618749,1.5048781295603284,1.375232041969336,1.2990331584611292,30.48239788123894,5.288888888888889,0.0,0.0044543064534363,0.0036350381915826,0.720090320095505,1.0754934648091763,136.06446188382105,68.78982619330309,uci_cell0743_win00
68.92165898617512,29.94009216589862,38.9815668202765,26.61405529953917,18.847926267281107,16.341013824884794,12.556451612903226,9.442396313364055,7.72926267281106,41.66129032258065,30.453917050691246,26.95967741935484,21.341013824884794,16.591013824884794,13.883640552995391,1.8592841425051823,1.6297303055367598,1.5436313014942062,1.433916227781431,1.3251179504059742,1.2616853192890098,25.810163676850877,2.929292929292929,0.0,0.0088726112606494,0.0140510128401251,0.602304805752567,0.7837242776489753,123.97877172492775,56.78729962217937,uci_cell0749_win00
72.81074481074481,22.0989010989011,50.71184371184371,24.188034188034187,18.85103785103785,16.864468864468865,13.115995115995116,9.894993894993895,8.081807081807082,38.32967032967033,30.615384615384617,27.686202686202687,22.112332112332112,17.207570207570207,14.345543345543346,1.722139506957611,1.612504351689883,1.568997502134764,1.4652069632771352,1.3629600558172024,1.2950258735973117,25.84304063332339,2.0943877551020407,0.0,0.0052413701004232,0.0080334388143775,0.4898597469032057,0.6029933197404532,114.62822120347226,58.08761389864204,uci_cell0755_win00
